100643328	b7b80022c8105bd688c8e087eb0eb672:0.428178486541|8f55a5c898a5ace2ac06ff02ece7455a:3.18063718836|c8ace4e2839206e2816e0701dc8f2195:0.424660897361|872928a39aa09064ef78447ce7a691af:0.778924669886|1757406e4daf9a84e99c62dd7806ca14:0.992905546571|29ac88da7cba236cf91121264079d279:0.393503405966|eeb8caf66dbde40ec482a00c9a25976b:3.98492250097|a7ad35acaea5046dd8a61010c6d30111:0.442368961241|07b474969c081cc57a023191eba461df:0.853911964493|f81165f13988c5c596239975a68bcdf4:0.464771382991|37693cfc748049e45d87b8c7d8b9aacd:0.853911964493|820b5ec5c885b102987baedd85d05032:0.893884520779|89521d15b242cb5b45c774977616cdc8:0.688428412495|db06c78d1e24cf708a14ce81c9b617ec:0.510517123813|8120b0fda51434ccb25bd1bd91e73f47:3.45810570913|2af719594eafd89d04221f2cbe815477:0.418772244091|	2014年02月26日11:02
100648706	fa3ddbe54cd2006b41b6fe19413dbae6:0.34490251971|342c76001c872c9248bca6a4019ac229:0.23448662524|1a033563434de7add964707f022e08d9:3.3930374974|a591ad57b8b0098fb15d7fce2163e098:0.364195484255|9ae522e5b8170fdcaf5264906b4f573c:0.295855579138|16678800cfd0dbafee362ea4ba12edd3:1.98646069369|f3c8a1bdb08c8e5ad180c46318c5154d:0.528301218856|170dbd62371a82a6c65e6e8f9bfe6ae2:0.346357225477|77cc859e8f6c469eeb72698e91db1c20:0.356682841211|8038da89e49ac5eabb489cfc6cea9fc1:0.478190700116|100632b87be3658ffacf85b1466243ec:0.328412727906|13104533ded379b9fdfa2143f95f0bd6:2.37586575877|25cac8a9158fd3099ec7899097df3150:0.396467744216|259f542c0981dfedc7ad53595454ded2:0.279877215776|7de33c6e5b9c5a184c9678e45a208c44:0.3083326065|d3d9446802a44259755d38e6d163e820:0.478190700116|dee5e6a7bb0a80d5334f1ceabee2e533:0.277917960294|9fb66e93bc41e72292f88be054a51ad1:0.281979708979|c43dd56bcb9a4de6cb3c2b9cbd5f6c28:0.347647659965|f1c1592588411002af340cbaedd6fc33:0.478190700116|b9b5b84abbcd1886202bcbbad340ae47:0.290067724078|7700b2a3332cb79791821b29434132ce:0.25863319107|	2014年03月08日19:38
100634859	1fb5d8c6d3653223245596c1c6e5cf94:0.791610981917|253614bbac999b38b5b60cae531c4969:1.08679704572|4e732ced3463d06de0ca9a15b6153677:1.08679704572|10818787e925a08c0bbb1220478d992c:0.426421575001|ab3e98c49a40a0d2253ebe132cae7e2f:0.853619831405|8e9590399ec6c867f5c617a94a3f6404:2.77744438274|623b79e7c5878037c7e13b3f3b49f1c0:0.82847144629|6512bd43d9caa6e02c990b0a82652dca:1.08679704572|f303c10a9ffd1226be8d61eca65f6dc8:0.725616708882|cece7904559f69d909edbfc3dda5416f:0.704746305096|aefcbfca08c840aeb8bd72dc1c8ff7f9:1.54462081102|5e51b054740bc78fc66af4b341e002b6:2.79467883965|9b3513feeb3dd5a6a7fb9feffac15a67:1.07465782821|	NULL
100651397	0bf0feaaca68dbfbbe4d64c4c1397718:0.0726733586802|3f6d0e1e31c1967ef07d646ad615baa1:1.53932804963|ec99a1d40031519e058e30850fceae60:1.41786009092|7ad5bd2100b2521aeac49d877a86486a:1.66814289232|16678800cfd0dbafee362ea4ba12edd3:0.10868174008|6271795d3f34378db363608232acd2fe:0.987977811308|e297b4a1b89c0c5e286798b25711d202:0.10901003802|d7b1fd5ffb614478a0b80b45fc84c1e4:0.068834192343|eeb75d1b5a072b763f23ae72963c8fc3:0.0970448125897|104ec0d7e63ff228002b3c5b256aab67:0.0912594114725|28ed4226c211e957af5add72ce5e2856:0.0916431556041|6888616654cabcf01c56cd0eb0e44b6a:0.063826627783|428a6b7c46d5bd037490074e0aefa0a3:0.0553993064388|32a099a85441dd0ab150a7c5561c49de:0.063826627783|b7b8b8eed864d1a721ee824b380e7084:0.0727822230793|4a50298f4f73c7b9d44b29566945422c:0.0528008625798|250191a8cc25750516a9462ccc0ca80d:0.0802889390359|e1c23e461217c98c7ac8f49d059394d1:0.0718616176918|3b6fe43dd44fdf2159f40986d063473e:0.0934476541465|f5c3795be5b0ccc12c86b5b0069eb945:0.106927505684|c8f94003e0ca28145eb589b181e3c06a:0.0635168505168|ae0d2f4fbff94b44472ab14b441c155a:1.36339431256|c51ce410c124a10e0db5e4b97fc2af39:0.0726733586802|	2014年03月14日10:44
100643974	be11fc04494a3d8e6eee1a47b28fa1b0:1.06449473402|6c3e226b4d4795d518ab341b0824ec29:11.9547675029|65abe1fd3515d61ded0f350416aad46a:0.945594902938|e13d9aa4904a6563abc9d99f2f708f22:1.30770638429|622b43dc6337cf2ae6e0600d5db07483:0.962655771932|1872008289c5e25292fe34cb024b7d9e:1.68233586037|	NULL
100642311	a80f5e0716147b15e0ddc5ee9bd3a1c6:1.27037600421|f3d7070a411495dc6fdd5f4e2865ed18:0.368620638965|75168bc897debc50d626e824be9a550c:0.091160990941|8038da89e49ac5eabb489cfc6cea9fc1:0.066231398908|d0fb963ff976f9c37fc81fe03c21ea7b:0.099347098362|e3efaf32227db2bd657245ca89b0353e:0.0622342885119|fb786ac7ca2a19c568c9f0e3c2640ada:0.104798076404|f070581a21ce33b06cb248887d42911c:0.0649733413429|571d5beafa374ef3ef56e04d5ccbb4c7:0.153288979334|c9d4daa1556ab57ac9fd3806fd970347:1.29179904812|461d8636e21468ab73bb26ffff070b39:2.2560070253|4ba29b9f9e5732ed33761840f4ba6c53:0.099347098362|f602cc2775489ba9bc5fa24d02f1f863:0.0830082103591|2cc946b2082356af685374e621138f9a:0.066231398908|901d93e8d66be5c61969f07b4ae78f0a:0.0659727230681|9679116b13c012db5ae3bf0b244fc25c:0.99408033285|08f90c1a417155361a5c4b8d297e0d78:0.066231398908|aacca4185c03d8a513e812c11cc6eead:0.086321732226|0566d2cf90d1d8ac0e9efff4dd8bd52d:2.09104669673|4579e878b5e869abbc315f1bd3996fe3:0.099347098362|87f0ad37447a600aaf81ccffd99668ca:0.182996773863|1abeddb764324be450004074396b417d:0.0894496244742|	2014年02月24日14:44
100646153	f7ffa91e3a92e91afaa36133d37b7db0:0.233927682428|bf24e2953b0f44e4c6735d2901f5f2d4:0.388308307688|0f0789ec8175e891961f7e0f41f84b16:0.264365069229|7f1d78c954500aec1961f2b306b202bd:0.346950097703|587f218f6cd84ee5068669e374e29fa9:0.398442293488|a874ca8919201b8f4e7da060f898b100:0.42696208185|b4a1629c967092ecb778b61c437d5fb0:1.5097818774|26ca20b161c33362d88eb0ba0bc90751:0.248888174597|506b4e3dd8dc7960dbd86b2b2dbb59de:0.445589660462|4515d2655a312f6abf6c2ea1f2ae00c1:1.44521257401|20def7942674282277c3714ed7ea6ce0:0.303547558982|19682b44b8aa15655cda36c99bc17f9d:0.295191680444|1977803150186fe4d2a3e226e2869497:0.433174124154|bda3fb373c8a2660126ed39ebad34663:0.289938296302|f624bdc94d6adcd96f0891fd53e44ffe:1.40574780592|979c43a1fc2d3f7ad942c61033860d0d:0.438104632675|148c9bcccddfa029faf49d7c3e2e16ac:0.446613765473|9a71c915ed7962af5c4dac59abce0e77:0.254132939646|d8f5a94d32dc660750390cb5f4f58127:0.266875263778|d3d9446802a44259755d38e6d163e820:0.569274642995|cc6b473b7ea2f23546d0361573b98b30:1.16087515806|a1a36b69715945d17d42f8d2f7054ded:0.569274642995|338b044cdf869ccfab90a78968e09efe:0.325195442274|ab87b3f7ebb74c092497f3d5a5463812:0.388920779766|6522d524622c063983dd9eac4afb45a6:1.5989467787|	2014年03月04日08:03
100642309	5f645adbfdf29fb02611f899490fa4c0:1.83505098235|3700aed2d7b45c8a91dad4eaf06791b8:0.0709481750914|f12e10f0d29d485485e20d1300a1fd60:0.177370437728|8760f3262989595c2344c899a7ac4406:0.0626056668517|75168bc897debc50d626e824be9a550c:0.0976531683374|9be9f21caff78ea58a029e8665ae71b0:0.0709481750914|7094b0e116afa56ef2b6a0c29b956587:0.0605988696686|c7814cb2c33c876573eaeabfa3bf63ef:0.087472467468|14bf5c897776f11648134a65c8365b77:0.0593585565205|e0f50ec606c1702b58b6f8e1e2694c17:2.52457256367|bf73153e463a393c360ffd966c1683d6:0.0709481750914|4e0f92af7001e92efba1dcd05ed37118:0.0535636814764|c9d4daa1556ab57ac9fd3806fd970347:1.6826605842|0cfc6af1c116b7fa64e93345e6a4da42:0.119201922775|08f90c1a417155361a5c4b8d297e0d78:0.0709481750914|34f72f0f970ad0b9b051c4f825621f46:0.080413737699|d93498ffa31f366d923db1a9d8a54844:1.61850381833|0566d2cf90d1d8ac0e9efff4dd8bd52d:2.715621094|f9eebf6856cc8f57796b9fc1184d1afc:0.055857811764|2d18ad9f05a35a0379a70be35ec56cbc:0.106422262637|2eb3b11950b2e96fce0c4d1a53ba25f5:0.0709481750914|51fbcf0d005f84224d4d35243c28ff47:0.0619284376807|	2014年02月24日14:41
100648717	fa3ddbe54cd2006b41b6fe19413dbae6:0.200524720762|0bf0feaaca68dbfbbe4d64c4c1397718:0.278017848905|3f6d0e1e31c1967ef07d646ad615baa1:0.562328092647|9b487624d272a7ce9d496e6c4ab8c7a1:1.99246125048|63c14d65fb8b9ebd59e9cc300d158bc9:0.18324777448|1a033563434de7add964707f022e08d9:0.211360309223|9601d933a76dfc5f26f85b020ac2d31c:0.192396663681|6cd4050c15d570c7898438f29bffa9b0:0.192989740258|e297b4a1b89c0c5e286798b25711d202:2.27047909939|eeb75d1b5a072b763f23ae72963c8fc3:0.247501886372|7ef605fc8dba5425d6965fbd4c8fbe1f:0.278017848905|4d64c54580f10e9d039ec389ed37b319:1.30653678884|e78216b76a5d37d78a5860c0a76b1abf:0.198590360146|555d6702c950ecb729a966504af0a635:0.278017848905|b7b8b8eed864d1a721ee824b380e7084:0.185622879016|513807989c9754b4525f925220e8840c:0.207533579292|357ad5090c396391978b946d9727a68c:0.278017848905|61e991c49c19424a658ce2aa3764a892:0.226192799583|fce0fe01d2a6699aa739fcba5ef62ce3:0.211550153657|5a23979fe118101342a0467f0534ca01:0.360967120919|816f73134325b182cd3e745cc1c07663:1.00668447774|f1c1592588411002af340cbaedd6fc33:0.278017848905|1ba49316178abd791633abdd35942063:1.92241536867|	2014年03月08日20:10
100648728	b7b80022c8105bd688c8e087eb0eb672:0.461115293198|07b474969c081cc57a023191eba461df:0.919597500223|78e697878f48a101560e7578c26dcf3c:0.502974392363|3f6d0e1e31c1967ef07d646ad615baa1:1.62750726814|e297b4a1b89c0c5e286798b25711d202:2.41394343809|9b3b28f48a8571af3befaff00cc1beab:0.344093215462|b7b8b8eed864d1a721ee824b380e7084:1.61170634377|eeb75d1b5a072b763f23ae72963c8fc3:0.818660085692|1ba49316178abd791633abdd35942063:1.82091721459|3b6fe43dd44fdf2159f40986d063473e:0.591236119504|83c61f2aef7b54671db5e4e99cc03bd7:1.79110609944|1b15f9e7d2f2c7cc5ef1f854d9d581c2:0.919597500223|9fb66e93bc41e72292f88be054a51ad1:0.542268671114|	2014年03月08日21:34
100645485	b7b80022c8105bd688c8e087eb0eb672:0.214089243271|101c778dfda6eb7113d2642590565915:0.334574219958|ade1514d8bb5a5c32b5af87062add362:0.438972847839|41fe9aad429032c200c53c30e8fee0e5:1.79881935504|85071cfb0fafbd7121793cab8d1001bb:0.287651388461|e643c7197ae31ac361e1fb8c914cc4b9:0.240708276618|d95a8941ba88346fee0a1925f11b3fe0:0.289887588202|1991eea98922c86ef053f20e3222d474:0.457216620118|b72090fb48f7eaabfa14ff9294a53772:0.271952841338|357ad5090c396391978b946d9727a68c:0.426955982246|acdd4037af83c9375cf83254cd5a1932:0.426955982246|3d7443aeba7c8eaf1cbb42ad5232fa10:1.27580992385|741bab25c3b284953242c38764ed7823:0.30071566888|f21c8c29c625cbf6575ba4f417db5f84:0.201778446689|cc44125b7916456ca375f845ccef055d:0.261928757935|cbc569d8f7d4693128c40e085b379c7c:1.99246125048|37a6bd6dcaae403c942de35c415768b2:1.96532606511|4bb20c41cf12f8eb7e042fd937cbf7cc:3.62546998777|25e0663dc7fff7eb0caab95808d4d746:0.3319824095|9aff62415394ae8a2c63bc821f03c4e6:0.265630292681|a03bc30e64c2931f9f25f8baac66cadc:0.426955982246|	2014年03月03日07:56
100648984	f033ab37c30201f73f142449d037028d:0.225561650998|3f6d0e1e31c1967ef07d646ad615baa1:1.15143371351|438d38ea615d7ddf0f48858e005eca60:0.225561650998|87837c251034a0b231733fd92793d5c8:0.174110355047|20f90713ef004e8a56ff38fa56ad1df8:0.15735841549|09e1f6f75abf89934269b3ea96e86cf5:0.225561650998|ae0785738f077a2b589dbd07a84109d9:0.14659341816|20f4b07d16d93b61845c3668f48a334b:0.173760939052|8db2bba84aa7f859708942f98b3fb308:1.14978216746|f67957c43e1569cc51895a79b120e602:1.79969093203|e78216b76a5d37d78a5860c0a76b1abf:0.322240961746|709fee1e177c09cb41c6be40ab37ac7f:0.165711015841|32a3196a4e19c14e4d202b96906364ae:0.913880617562|699d7ccfae86f395dc35185e86a91f69:1.47387981621|6888616654cabcf01c56cd0eb0e44b6a:0.198103401326|428a6b7c46d5bd037490074e0aefa0a3:0.171946903947|fc4d75f6cb1a4e14ec2cd2b57dffc53c:0.330041348136|6d26bde838dc7fbecba31bff05914dd2:0.225561650998|7ee9d48b670cc09ac30e1bbc5264d8e5:0.225561650998|29eeb04d53afd13c6b7e3e41dbbfe1f1:0.557543210646|25e0663dc7fff7eb0caab95808d4d746:0.175386933321|262c7737bd46ecc1027dba8fb2637d93:1.07631531489|779d3f119a711a765e639faa01968f5f:0.179362801836|0e6546452aa37b9592c1ffb863fd99dc:0.165598371181|	2014年03月10日08:12
100658325	d5986cc72adcffca10d50f43deca61ef:0.232453812556|1af2bf85c702ded52dbe66142ab9f01f:0.0996230625242|ab5cbe45a4512c19409460038b1cc17b:0.22928118879|84a553d60a93e52dd12d9153209ea710:0.0971628593865|2058d21b15dce3ad6a5b43384af74e3a:0.0664153750161|33e75ff09dd601bbe69f351039152189:0.0996230625242|253614bbac999b38b5b60cae531c4969:0.132830750032|6ec46ff17e12f3b29ea96be17729d46f:0.0832095487141|762c965bd8ea45a5ef49ba2ac0876a8f:0.0709715558849|a9826d3ff1090bb3b3b840472a26d6ae:0.310523672444|74b239cf65307bbe5a21f512d8a8e07b:0.0661091421584|4ba29b9f9e5732ed33761840f4ba6c53:0.0664153750161|d4912425b44a70f08f7a696b2275e0ca:0.89110568593|1235ea8893e90b8e0d74b6004fbbdb6c:1.33984129642|7cdba8c3f306d273230f182a29bd72be:0.152887908679|fc40ee20f9d006155de1a18869cfee60:1.90707005403|d507ecf573f255cbb965ac6db46bddd0:1.83075310619|ff6d8fe81551d8fb1282592b6162d69e:1.88181184993|2cfb6cd22637bdaa7954def8829a6e11:0.365284562589|a12c8aaf7b9d441bbed8469aa782f637:0.127808693102|c8758b517083196f05ac29810b924aca:0.0664153750161|3282a0dae2ab9f28ef18ec712b98d6a3:0.214089281274|	2014年03月28日22:47
100648598	fa3ddbe54cd2006b41b6fe19413dbae6:0.160954509198|0bf0feaaca68dbfbbe4d64c4c1397718:0.127517520031|499af479e505663ef197caf2afb2b942:0.0812856835793|3f6d0e1e31c1967ef07d646ad615baa1:0.0644802879568|f1c1592588411002af340cbaedd6fc33:0.28691442007|9b487624d272a7ce9d496e6c4ab8c7a1:4.23995754103|883f18c97a9a84edc6d553bb0da5cc93:2.07442574049|478bc9eab0c7f854ee724b26727e4c9e:0.064296371811|2058d21b15dce3ad6a5b43384af74e3a:0.0637587600155|1a033563434de7add964707f022e08d9:0.218123839118|12732599b27d598498e4b6a5d5634a27:0.0637587600155|e297b4a1b89c0c5e286798b25711d202:0.127517520031|ff692f04ace012504bc529e0a75f2bb4:0.0671985967489|b7b8b8eed864d1a721ee824b380e7084:0.0638542703816|b0daba9b723ac8d8cba8b9aca05e97fe:0.0637587600155|d709f38ef758b5066ef31b18039b8ce5:3.98492250097|2435a45b85628172c5a47122144a7c67:0.0637587600155|3644a684f98ea8fe223c713b77189a77:0.159396900039|d645920e395fedad7bbbed0eca3fe2e0:0.0637587600155|96a3be3cf272e017046d1b2674a52bd3:0.0637587600155|2be0551bb40c191cf6e126fcf60d98a9:0.102112725154|1ba49316178abd791633abdd35942063:0.0961906744468|	2014年03月08日12:31
100657176	3386da5f56fac758ed0f18e024ecb943:1.41633337835|cb0cb25e90cd07e94ed5f2edc779c624:0.604100420995|b7b80022c8105bd688c8e087eb0eb672:0.461115293198|202cf12dfc07cea78b81beeb949f3efc:1.30498998733|447b8d770134910eb63ad9c7cc8c5764:0.919597500223|8e296a067a37563370ded05f5a3bf3ec:0.919597500223|375060c34496e85d0a621057c383a299:0.629007119232|56850c4e2e9afebfb1d91a21627a6c43:1.21589662184|e4350819bac96414c7fe5196a5c09f61:0.812959472446|70e29afddc8a957b95abbfc00d4def71:0.585458621621|7cc25a7d039e0be0cb76c3fd7d5e3468:0.984774258715|6dfffe72de0c865f611c1156ac999f29:1.67732567581|01c06e0c0e95470abe1ad5dbe9f00137:3.42365443176|1b358bde009f92aa4e561b4f8e54876e:0.919597500223|d73d0c2b973263ccdecd6ad4006e9aab:0.33968403341|	2014年03月27日08:33
100647407	4f696db6d2959b66c8c84d449334abce:0.240589060244|0f913544285da88fbaef5cd6e76525cb:0.216408320973|fb050d6c9bcc97ed6836bb9ab9b3da7f:0.278017848905|321a6d2b1d9ca5bbec75c7fb5b7c5a9e:0.232294294106|e1d30dd9f252d44fcd46f3e6e148070e:0.224139483138|852c7b6d8358900facf560d8d9bc9c7e:0.21761355511|170c3d845d6678fbb77acab3ab9cce95:0.278017848905|f45c5252cd4cb884e96ed98ba6d028bf:0.202634694096|18112fa9c57daba42740997622ee6a45:0.204812266306|009f225c074db119c70078d66248f0bc:1.48240626313|3b6fe43dd44fdf2159f40986d063473e:1.13950449776|73782aabfe602dd2f4a996d94e98d05f:0.173818353361|27c3181d2c4bd8838a7ab4269e524681:0.437249673565|416b57fbedf1b231496d9d4275f7d114:0.79348944597|45a13917f655aac37dec6465352144c5:0.237483679021|d1d8c4b1edaa3afc3b314430e1decf06:1.24226759721|d119f61b93a8f7345febac0f744a9a5f:0.23580180317|6112e8e1231c221e5f5c6530f97e5797:0.22317703625|f899139df5e1059396431415e770c6dd:0.278017848905|ab84843c57dfd328c88bc5e68447f517:0.227291703882|6d7c1afb07923a840d8135421da7f58a:1.37790215838|	2014年03月06日07:48
100646120	357ad5090c396391978b946d9727a68c:1.49434593786|702a451a9bc97ceb4ffb3c05ad9412f5:1.42697137527|b7b80022c8105bd688c8e087eb0eb672:0.749312351447|9272047126c1d553f53ac75f1b585e54:0.903897445265|7e408bb0ac42b1c4f3fd909cf0522483:1.26456100226|e643c7197ae31ac361e1fb8c914cc4b9:1.68495793633|d95a8941ba88346fee0a1925f11b3fe0:1.01460655871|62ebaad00104a44963a491f961d9fe82:1.21578629776|83c8b9fa8c9ff69b9029697b03303630:1.1978986923|833ca3e6a6ef82654180c6ae859e1fc4:1.40600713164|37a6bd6dcaae403c942de35c415768b2:2.42775572749|eb8cccd7e77996087986f1e08f5d5881:2.44745094695|	2014年03月03日20:59
100649503	96669e9f07ce503cb728deef42c95b55:0.110692291694|10bb72970f8ef3c8801898e342d47942:0.0869454697997|20f90713ef004e8a56ff38fa56ad1df8:0.0772221853793|9219ee82f854ea7cdeb5a7a41dc21306:1.0241920545|2058d21b15dce3ad6a5b43384af74e3a:0.16603843754|16678800cfd0dbafee362ea4ba12edd3:0.110358927427|ac25433e874ea811f2eba5bdff66d958:0.110692291694|efd626aac0d72942abd9b23cdf55bbdc:1.12348340226|08d01d5627dc6aeaa4bf5b6ad583f57c:0.10471307578|d735b5f0a0a6d25c2328e8218a2ddb13:1.56429791136|4f0b14f4e3919a18c8aecb28480f15b3:1.33978982108|6888616654cabcf01c56cd0eb0e44b6a:0.19443481982|aa8f3faa64ff47b0ce9a76682bde924c:0.107631774939|29eeb04d53afd13c6b7e3e41dbbfe1f1:0.478816044328|7de33c6e5b9c5a184c9678e45a208c44:0.107059932812|906f9ec32f4c9a5c1e6c73d32e16b3ff:0.0795730509839|d3d9446802a44259755d38e6d163e820:0.221384583387|8baf6aa1d76e762a2ac6869afa6247ff:1.49434593786|cf6f0c3f597d0145bbd49c3385e4a0d6:0.128709978259|5d659d04ac2bba8a2d97d654950b5808:0.0904957709901|1f0e3dad99908345f7439f8ffabdffc4:0.16603843754|ad7915b2aa907585375dd2b9f301b55c:0.123031017498|	2014年03月10日23:11
100647712	131f6f6b61511041d7df2b3b0f034f19:2.63029418089|cbef4799adaa578943dd74a91b27d9ee:2.16473265923|684af05ed36abff9b0b227d1b8651f00:0.919597500223|4eb818e583c0832b094d15a265465a90:0.919597500223|fc1a7d3c8e26ff5f497f20801521fe00:0.514038524121|c8f94003e0ca28145eb589b181e3c06a:0.401866227308|71c997d56d47a175e4711cb764db3919:0.433701436844|e47a1af9e1bc826eee8f88fa9452c445:0.68488195217|31c88cce309c8f79f9958882ab79ec30:0.791519979946|94bda6e904e9f4234563fca3a3cece3e:0.468580173374|530aa998454a80ce4a50e899e0849e00:3.20051634083|b62d330b5ae5395834f0f60a2eb45d97:1.50393117656|27753bbeb05b4334204c5a44cba52e54:1.60064155238|ca798fc3226de8c5410fc3b3f6794fe2:0.919597500223|adb5f5cd12378d325fc2beb70dc889c5:0.471120167298|	NULL
100649633	fa3ddbe54cd2006b41b6fe19413dbae6:0.173317849101|e1e33525b9f147290a10a78ea2af4868:0.0703816352648|9b487624d272a7ce9d496e6c4ab8c7a1:3.10884029284|ff692f04ace012504bc529e0a75f2bb4:0.0759783129071|576c233b1b14a8b66db95fefe5188b6f:0.110112951485|0bf0feaaca68dbfbbe4d64c4c1397718:0.120148417115|16678800cfd0dbafee362ea4ba12edd3:1.57968545114|e297b4a1b89c0c5e286798b25711d202:2.98869187572|eeb75d1b5a072b763f23ae72963c8fc3:0.160440921317|ce8a7b5b29673d33257febd03fb904ad:0.110331444921|a1aebfe9e31ad63fb191e96a0099f3e3:0.0921053186289|505ccfb0e8b6f7ebf36cb0e99f3254ef:0.079472312394|3b6fe43dd44fdf2159f40986d063473e:0.270364255653|8797922788916874c39ee1524bbc3638:0.12351578858|bcffa06b3510ad169930ab7eb1158226:0.0692499073836|7008f9c6db38156366163aebba36c107:0.0922832038259|ae0d2f4fbff94b44472ab14b441c155a:0.123322098624|74f7c68dae8f63f75f98b1dc8424db7e:0.0979074831017|d0a33aaeb397dc8b27cc08a024caf98e:0.194036607466|077520d1a9186ad8883cda4e7c0ca2c6:2.98869187572|ad7915b2aa907585375dd2b9f301b55c:0.100155903692|aa31f4333b013c3cff2448a70bc7c8a7:0.102631137667|	2014年03月11日09:58
100648611	9b3b28f48a8571af3befaff00cc1beab:0.263130105942|19fcb9eb2594059036dfede5f4ec53e8:0.239972919556|262c7737bd46ecc1027dba8fb2637d93:1.95003009992|3f6d0e1e31c1967ef07d646ad615baa1:0.948239528776|78ff439e581db1885956349de94fc519:0.397613678214|9b487624d272a7ce9d496e6c4ab8c7a1:2.39095350058|ee7810d0d8e5af46860c7dce0ad66090:0.703221617818|1d9c15c5d2162ce48e816b504182e5be:1.53895288217|858904c3e266f5640bfa88f16d2ed50a:2.39095350058|87610e0d829a62984a43acee7b9bc3f3:0.703221617818|29ac88da7cba236cf91121264079d279:1.10180953671|342c76001c872c9248bca6a4019ac229:0.344833272412|dc81fd45878925bf60649a0f0c403769:0.501494073194|7700b2a3332cb79791821b29434132ce:0.380342928045|6688f226e2a56e6e31ecb94be907390f:0.304078899496|eeb75d1b5a072b763f23ae72963c8fc3:0.626034183176|c160af515dbd6e97c544ddb3cb702b08:0.415490872782|80c1ef212e6c1ccf9dcbbfc50835c42f:0.621674890694|9fb66e93bc41e72292f88be054a51ad1:0.414676042616|	2014年03月08日12:56
100657188	f08292e975c022d7c03a8a30ea025731:1.06683878028|1ad165d733db659ddbecd3070aa51cba:1.70415605969|d5c0ebdedb6b884fe22b7283d224d951:0.602071202528|20def7942674282277c3714ed7ea6ce0:0.531208228219|0fb330139f26d5129e196ea4b2008543:0.552414495424|0b075b5c8c0d91c6629d30a757003152:1.58435837741|c6addac366e04914310f2490e48785b8:0.544308937482|7e7067ce0daa1be2cf6372286fa928ad:0.8777818185|e2eb289cc37550406f297815e5fd3271:0.497449407537|6a3cd7e0bbbf54a8b78d1fc242da9676:0.785278403125|dd253919e93102cb6142b137cacd0816:1.3607912547|f5818fdf0883bea3583d9e5107dbcc1c:1.07230545864|26ca20b161c33362d88eb0ba0bc90751:0.435554305544|8702964960a59c555408e778e7e76c77:0.413840898466|4e732ced3463d06de0ca9a15b6153677:0.996230625242|ed0aae143ce6899a32a9b9a13c4fc729:3.93852533473|	2014年03月27日08:53
100644102	07ba2b55f4841221738929af8ed37111:0.295912575266|ef7f9f824c3336aa37b11f239d74bc91:1.4627856121|1c383cd30b7c298ab50293adfecb7b18:0.385637661384|3594f7fec865420afde60ba272902bf8:0.273839729036|fb050d6c9bcc97ed6836bb9ab9b3da7f:0.385637661384|c43dd56bcb9a4de6cb3c2b9cbd5f6c28:0.280361016101|20def7942674282277c3714ed7ea6ce0:0.205628991569|2c6d93abd65b8fe4ca29b3c392c0b3c4:0.213436865993|33ae50ce661cd517dd9084fae2e58a92:2.31677960867|539fd53b59e3bb12d203f45a912eeaf2:0.385637661384|79898d25cb24be8a2b3e556ad1afb5a9:0.225002659835|13104533ded379b9fdfa2143f95f0bd6:0.459844985569|8b1450a63c20adf477bdeb2d9b484924:0.322214666018|ce00d34988c2ffb4361605aa5bb75e1a:0.263358237242|8ebfd8a025f00481463ca0467b08eddb:0.315800122187|538c5824ff3f7dc0d30a09a23576ee18:0.203853800832|e30c89e7136294a4361bd94013aa7b0f:0.269406502164|6d853b44b907523ba2be16e1fcb2581f:1.04254665876|f61f4cf6d0d544fad4507868b74696a1:0.308286200972|70b46ee9e8ad6e8d06302fe762b3efe5:1.67085225448|02e74f10e0327ad868d138f2b4fdd6f0:0.385637661384|92173fdb483f03a23abf7244c9c17a87:0.295067337447|b9b5b84abbcd1886202bcbbad340ae47:0.233925583934|1363aaeee9b761f48eddc92903dfba62:1.15943174062|	2014年02月27日15:33
100656551	fa3ddbe54cd2006b41b6fe19413dbae6:0.24635894265|d26c2b24f383307170e07929b09b3774:0.879569651736|ee37cf72ff079bc73454c1ccb3cea544:1.64014720224|3f6d0e1e31c1967ef07d646ad615baa1:0.230286742703|8e296a067a37563370ded05f5a3bf3ec:0.341564785797|69369a53f9f862207159b62e99bf2fca:2.21283884498|1059c83799ad1287c415ca53756f2686:0.683129571594|16678800cfd0dbafee362ea4ba12edd3:1.19187641621|dd76a1004192962a24a2c191bb88e806:0.197126629426|0776edbd4146aaeac7c843dcf7ccab61:2.0144072511|8720737fc37a1b4dbd9d29be38322c70:0.248319757118|fc1a7d3c8e26ff5f497f20801521fe00:0.190928594673|80173d0d2bfe8c149cb73d7340973082:0.177570702593|eeb75d1b5a072b763f23ae72963c8fc3:0.304073746114|87610e0d829a62984a43acee7b9bc3f3:0.341564785797|939f0a09814c362ee2868c1125e7da62:0.174724927698|aaea0acfd9168864d4c8fa6e47b1beb9:0.218757450037|54bbba803f13eaab0f5441d97b13247a:0.198897820169|eabc575173bdbbc9c1f9b61932b00000:0.351178278271|262c7737bd46ecc1027dba8fb2637d93:0.215263062978|fc954d25ec153a16f143e2762710503f:0.204984121418|8634ba116e1df7850fc1fb15cf0c8f6e:0.207228265097|	2014年03月25日20:15
100644648	297403dbfcb6bcb378593068932226e9:0.630742577741|a080b2568767ca0df60efddb4486385d:0.461130631356|e2318a7de8c5aebba00b1d6377e31658:0.584140337554|fa8f026e933d6aea81295dd0896f86dd:0.428664319624|02e74f10e0327ad868d138f2b4fdd6f0:0.703221617818|530c6f48e1fed9833663d523a368b92c:2.01071209506|bc1b57ef28d9772fe490d3dd0697fcfa:0.712289304865|e2eb289cc37550406f297815e5fd3271:0.351140758262|d7b1fd5ffb614478a0b80b45fc84c1e4:0.333036018836|3a17b7352e715d90e4d3ca3b77a29ab0:0.392615802464|1ee2d775556f384924aca3b59d33a3ba:1.3128716765|db06c78d1e24cf708a14ce81c9b617ec:2.45248422224|17310623cb5f7699cc2ff6ac19ede02f:0.671515941306|55bab90500a2593b177657d67505a0fe:0.703221617818|95abc1ef32f30d8a285ffbe0d36647b9:1.99246125048|4e6ba278f9930f6af0b9306f3ec09dea:0.703221617818|349fc1160666bad34c31756c3328f860:0.963894198395|3e41710e75ffa804ce91daafd17d7a06:0.703221617818|	2014年02月28日10:30
100647885	634186194f6faa8985114a4f69215cb6:1.78710397027|d6d68e9f73a8ff0bf6f0d065b4fc1cb1:0.94233408375|ad9efa2f14d42f7d14ef876725909e27:0.677138010305|a61125c6f649fe2182ee69e8f78a6b86:0.615914406269|d3e1717f6aa406d23ebcc1c20a036759:2.5252962275|686d30cd4007fdd783c9b1f2792644eb:0.798447558937|4771e94384a93fc8e4bb0c3b9ddb807c:3.33716887757|350457111e2c7f05adfa125f01788f53:1.60633296249|03dce09a53a8ff42f312f193f795442b:1.19547675029|e4f52ebce3fb9bac13d5894f133e7ebb:0.663664750908|18db278bbde130be834342b8e24ff12f:1.19547675029|324712a3114c9368ab589ae06b6a4dd6:0.75871296057|f0ad4fd3f8c0a09e0cd9715e63b92eb2:1.46782124186|	2014年03月06日20:09
100650795	72ca234727ef0b77db12906d221020b9:0.0906439574502|4022b349b4e92d894524156b8c20b4da:0.0941204128224|cab7c449a98de789918271522d03965b:0.0812928934786|29ac88da7cba236cf91121264079d279:0.110180953671|2d17f0565f357789e3d11455c5af0f75:2.41182650067|243dc73e8af1ec1b1463f57f1c91fd54:0.0712052018578|ace478dac379e96acd8e04f21e0df76a:2.26068852156|78fa3cd049500a29e26d9b7e4289b068:0.0718529426564|359a45b8a0e3c228f43b6d06d905625b:0.0958318953844|512748244baaecd4e6053ae4894ae1a2:0.0695562658825|7eac3d4db8d7a5a3443c322ab4e33881:0.187104011798|a7f22d15d9aae0c530ab84b6b1226f02:0.0665359706739|c20ad4d76fe97759aa27a0c99bff6710:0.179321512543|b01030708cc76c79cb8b5ff72f943d7a:0.105074924313|6a9bbb8abdb2273ec078bcbc609c706d:0.333140944792|ab3950ea8d1284cda62cdf72f50a7960:1.56831089128|c8f94003e0ca28145eb589b181e3c06a:1.044852191|bfde964498b87f89b1ae44b047a1a2c7:0.0780800741277|f9ec0be961fcd14acdd39f47f5110be2:0.0723882291143|cedfa59009da3ada4d7ffae17f3afe19:1.4968991408|0d7d965dc03441cd68b319ff887cad73:0.0668470264932|594e53e53573c069dc6d59c9dd33ed78:0.103171587135|	2014年03月13日10:43
100647597	70efdf2ec9b086079795c442636b55fb:0.254356755381|0c20fb1f839269046576a718fc8946d5:0.234261827534|429d52257adf076c36fab62ef38362eb:2.17279787478|253614bbac999b38b5b60cae531c4969:0.254356755381|0ed0bc41e856ba01b5987b04f49dd44a:0.242888744728|8038da89e49ac5eabb489cfc6cea9fc1:0.508713510762|02d64f9826397e74e2595262a9231248:0.254356755381|70ca62c44e277a994cb79e394a6d1cad:0.213393120023|e8a3d558266d6243af2835079ef40577:0.224861130677|97542386a90fa65e896c4b8459fd6bc0:0.214298643734|667ed062aef532571c2f3823b9c46ff2:0.208645384888|03dce09a53a8ff42f312f193f795442b:0.254356755381|71f9bba38ed3a5cc5e025fa82192b04b:2.7207690057|6bc170b19a04fff99a09214cd5490afe:0.246767926787|3c59dc048e8850243be8079a5c74d079:0.508713510762|d02bdca0a6218d78a372c75d38beda95:2.97217112932|98c7242894844ecd6ec94af67ac8247d:0.254356755381|45513ca6339aae9e2d055d6d62515c25:0.261515739138|c8758b517083196f05ac29810b924aca:0.254356755381|9bf31c7ff062936a96d3c8bd1f8f2ff3:0.254356755381|3d895a007987a37486e63e7ad3782842:2.62231451338|	2014年03月06日14:16
100651182	a35fe7f7fe8217b4369a0af4244d1fca:0.159396900039|b6bafd1cb5171e41e889186fa63870e3:0.741369474773|6a4181483ce58cbc44a36bf1ad2dea50:0.2236203452|d36343d98f32c9a3bb134bfa2d98ac48:0.312092081989|4eb9e52707eca3aa90a4b4358cc40951:0.407484223412|820b5ec5c885b102987baedd85d05032:0.166858443879|ec99a1d40031519e058e30850fceae60:2.01646672873|c9c4557447dda1c2115985a5a853cf84:2.95530902757|71a653f519725ddb17e4171ade60d01f:0.159396900039|d94217c238c8ecb72f0127b21879b6de:0.184848727297|e5460fe75cff34790ffada0b3cd36cf8:0.318793800077|d5ab8dc7ef67ca92e41d730982c5c602:0.159396900039|adf3020ac08a3722ab5f3b3551d66d3e:0.73041591152|3a2837e3f0fdc466a142b74b03701f56:0.185342368693|b00c0d7ddebcd520cb3f35fa0bad7b61:0.159396900039|db9feb14593e4f009728a81cdafbc03d:0.159396900039|ea24f6d127d58c0e56ff1314495e574d:0.185342368693|bb72c5841b03ceca88ef770e35689995:0.189897474882|e93028bdc1aacdfb3687181f2031765d:0.159396900039|1e5967829636f6741ceed6c558629ab6:0.159396900039|08f90c1a417155361a5c4b8d297e0d78:0.159396900039|35242cff1266fd3610f124b0e5e76f9b:0.158372235626|1cdd7c5fd81770f2d6babcc519ecea23:2.47333611669|6c2fb35be53197dc954816d12d2bcf13:1.3214080151|	NULL
100656815	ef6e380cb85822670942c16d30910869:0.35821927607|882aa81363c68793feb3275273108cd5:0.244866506716|bc99d6864109399dbaf5ded191e6a6c9:0.6707554126|699143b15a4fb272389722ad632724aa:0.247495041669|4e732ced3463d06de0ca9a15b6153677:0.362265681906|47c0e2c04c6aed734fc13a0ea1ad98ec:0.323690964458|7094b0e116afa56ef2b6a0c29b956587:1.36145460522|05ec55f037391b53f4c537c33e0a24bb:1.46373050262|374ee82b6962ef9bfd40218cc186aaa5:1.67266867699|8f8efc8118ed7f3fc94661c1c6022b6a:0.400228196103|9c26b554e3d59871bc125bd580d03d75:0.282605050711|1469bd79845a42d197599a5ee357a66f:0.379223736088|05b25c404d89ee0a37bd38aa219d053b:0.286965480398|a27e2c26d80f432eeb4557d2fcb24617:0.311810901191|f46d93ea862a38e4838aaa2fc8235571:0.321358811697|b7b8b8eed864d1a721ee824b380e7084:0.241872236294|87610e0d829a62984a43acee7b9bc3f3:0.362265681906|1e6b54734264a64d9583237eda6dbc80:2.24719170407|72bd4f874b230d83b99f0924ed07541d:0.27590566989|fc3ef61919ebc5f496357e1dbacbdd10:0.379223736088|3eba5f9aa61b6fe8e7573541e13dbbc8:0.311810901191|9d34844ea0ac0f5c4104c709d984e644:0.289211176524|3fe614313fdad08550e646b8a2fb5afa:0.305213219864|4ad9b0a29fda44357edfa515759d85a1:2.03260160674|	2014年03月26日15:41
100648752	fa3ddbe54cd2006b41b6fe19413dbae6:0.239515638688|de794911b8a6e3ebf6dc4f5f6796f5a7:1.86951691639|0bf0feaaca68dbfbbe4d64c4c1397718:0.332076875081|48f69d313d4b3cd75c4b09d7a22faadd:1.21273847355|262c7737bd46ecc1027dba8fb2637d93:1.49488238179|3f6d0e1e31c1967ef07d646ad615baa1:0.447779777478|9b487624d272a7ce9d496e6c4ab8c7a1:2.37197767915|29ac88da7cba236cf91121264079d279:0.15302910232|0eb746f5fbe0879082fd967cf6a9384f:0.244807814354|1d9c15c5d2162ce48e816b504182e5be:0.165165397708|a3be248b33e99065e23ca7d909fa509e:0.223568754783|87610e0d829a62984a43acee7b9bc3f3:0.332076875081|8405063c8af1ec2e872da6e7da948185:0.201149548119|adf1026f622a57609365f3a511af257f:0.332076875081|2be0551bb40c191cf6e126fcf60d98a9:0.21273484407|b2972522a041947d45978908e5ec8137:0.165687015239|7890ed48e34cdc44576e18bc5a1c4b1c:0.318297820959|13104533ded379b9fdfa2143f95f0bd6:1.21621699556|860a6ded2d2d5fed5137f172436ca6ce:0.217052859029|4610b41c2c831a64c8361b04142bf77c:0.232315094027|	2014年03月09日08:46
100642609	8a728f7004919b23343848a082daf7e2:1.32086201128|41716f87c3755bab459a2cbc7219e60c:0.129476063132|9d5bd85e47e3436296ff1ef7c8db0001:1.73402834842|253614bbac999b38b5b60cae531c4969:0.0779658750189|f3d7070a411495dc6fdd5f4e2865ed18:0.0964290222219|75168bc897debc50d626e824be9a550c:0.071541560282|9e4c7a646b779ae8b55e4ec970c783d6:1.99246125048|fa00798404665a956fd02a82c57dab58:0.0645218117396|44f7a0f4670d341abfe68e292a2c392b:0.0892442738452|b0378fc7cd3505b967478ebd5cc23a38:0.0556611537535|c9d4daa1556ab57ac9fd3806fd970347:1.63923581985|a6c21980c00e658077f42ce00869d4ad:0.107047687682|f4469152b067e81711c9de93c57951ca:0.107735800059|9d17d92e504ac72c6a7040ff1ce7e7ff:0.0618380676794|97b677f86fccdfb2d93d232723361d30:0.0556611537535|aef5b45396d8ae03a9db381c314be67e:0.0761121381872|aacca4185c03d8a513e812c11cc6eead:0.0564531618362|0566d2cf90d1d8ac0e9efff4dd8bd52d:2.49823394396|4579e878b5e869abbc315f1bd3996fe3:0.155931750038|bef8cb9bf7a2b41245e23cc3f0f495ed:0.0544103621343|46cea94fdf66094160a261c698abf0fa:0.0736080231081|f1981e4bd8a0d6d8462016d2fc6276b3:0.0779658750189|	2014年02月25日07:54
100652919	32c415820e61adbeb10c55ac4de26052:3.21266592498|9b96e81e36dfd5e3db10da364de22623:0.148771882619|5fcd24f70dce8871728647b91e0aa141:0.151722922257|8a2b56e293ee788f1057ad236e06559e:0.400281437111|7551fe6c86d16607aa9472e17dca1591:3.53494692867|68b177b91935bdcceea76bc4a6a24423:0.151319996166|4bf02e1f810495b74c2a363424b8c8d3:0.175805404454|e107e07a3be215fe5eed7305d4a95ddc:0.144210780732|7a716be8c007df45e02b8c5ba7006e15:0.139262659605|2a7357fe659f0a83157420b1e287ec42:2.24326305782|d5bba21ff9a7bc3a5e41a77f5c75333b:0.428427481321|56563edf23b9d717dc63981b8836fc60:0.143261684833|40a56784bea5952fe0869074381de844:0.132727651894|b1dae9bc5cabbc13e4bee21af11cdb8d:0.140352482725|5e700369d5c9dda07302d817aa2bcf91:0.274293137455|419df05e44b6a68d9cca4c6611af42b4:0.132394674294|2ca65f58e35d9ad45bf7f3ae5cfd08f1:0.175805404454|baa81671b06cec362191b2d4fdd78435:0.175805404454|7035c62fb00576fed9b3a1f2b7d48e6c:0.136698639206|072b030ba126b2f4b2374f342be9ed44:0.175805404454|9f65542c86af7184ed6ecd3043c0d790:0.351610808909|1289b54dab548ef894dc0a93709b5c20:0.142370146276|ecff77a8d4263545654ce610eacf996b:0.199248526888|	NULL
100651913	fa3ddbe54cd2006b41b6fe19413dbae6:1.50918884043|0bf0feaaca68dbfbbe4d64c4c1397718:0.0799650000194|81ff4ee4f5655f39008866c2f6d4bdbb:0.1060791413|3f6d0e1e31c1967ef07d646ad615baa1:0.148261531673|48131b5eae0c4a51980dfd03e2eccaa4:1.70196636632|08860524b901b9cc54ea9ab08b8b1567:0.0399825000097|339c7e0048ac7fcadafd530b0ee9493f:0.0842803106973|56850c4e2e9afebfb1d91a21627a6c43:1.21589662184|16678800cfd0dbafee362ea4ba12edd3:0.179379393745|7269de52dfcca3faa2c4aca4342a84cb:0.0495417690363|98f13708210194c475687be6106a3b84:0.0399825000097|e297b4a1b89c0c5e286798b25711d202:0.0799650000194|75168bc897debc50d626e824be9a550c:1.02420609805|d8c7e04c8e2be23dd3b81a31db6e04f1:0.0439286011101|f61bd8d330a9ab97b4816ec9ca0da2c8:0.0399825000097|1b15f9e7d2f2c7cc5ef1f854d9d581c2:0.259886250063|0742820fcbc3ad34705cd33df25788c3:0.0399825000097|e9def38117e1653f3e01157057c5c61b:1.9330154265|1d9c15c5d2162ce48e816b504182e5be:0.0596584045232|262c7737bd46ecc1027dba8fb2637d93:0.113391078325|e83a256e4f5bb4ff8b3d804b5473217a:0.0437326580706|298cadb76414550d15da49a25eab950c:0.0399825000097|7d1173762e511950b65244c7457ef113:0.0498553296952|	2014年03月15日14:47
100648235	81a26b596c7dfb7fa67d97cdbb19ccec:1.58606242064|766b3b74fb234c3963450dfef81d7e48:0.176322909174|e7c3012c3b87111801b5541bd1baea6c:0.310453719786|8e296a067a37563370ded05f5a3bf3ec:0.265661500064|e64d9b72e503a4497fdabf405e0f8bc3:0.175211566495|1e9ba984e82a1dda96ec8038ef67a2a0:0.357966172308|a69e2a3467f6f28f4e97d4876658fe48:0.218292004624|6888616654cabcf01c56cd0eb0e44b6a:0.233321783784|6512bd43d9caa6e02c990b0a82652dca:0.265661500064|ac571ed0f5f0594a39f4f0e1a00b3f3d:0.879408397044|7725d9e9bb371d634d6acf116a97fc57:0.530002339959|562142c8d5e0b3f4eb8804e9eef2f5f8:2.67873054128|f78fc6a9cdbff2dc53da2644c66dbac8:2.35021699541|aab3238922bcc25a6f606eb525ffdc56:0.265661500064|98a920c824daa7f4219571a6ca327ae8:0.181424563433|290d00e57006f3f10315cca5b0ce8ead:0.254151018343|6eaa2669d580384eb8b4932341743c9f:0.207015781629|585f7bd15256939d3e34e44c3a6b680e:0.190291990495|0ae545752ac2977e267d911e70197b4e:2.46324290008|ae0d2f4fbff94b44472ab14b441c155a:0.181785908342|ec92673148ae4178b007d390beba1a62:0.17166245293|c20ad4d76fe97759aa27a0c99bff6710:0.265661500064|	2014年03月07日15:41
100648634	fa3ddbe54cd2006b41b6fe19413dbae6:1.07782037409|19fcb9eb2594059036dfede5f4ec53e8:0.509942454058|342c76001c872c9248bca6a4019ac229:0.732770703875|e297b4a1b89c0c5e286798b25711d202:1.49434593786|9b3b28f48a8571af3befaff00cc1beab:0.559151475126|b7b8b8eed864d1a721ee824b380e7084:0.997722974713|eeb75d1b5a072b763f23ae72963c8fc3:2.6606452785|3f6d0e1e31c1967ef07d646ad615baa1:1.00750449932|8534f1d8ddccece84bb57e725b408500:1.49434593786|3b6fe43dd44fdf2159f40986d063473e:0.960758694194|e160a832cf68e9130634bb2f41ff681a:0.94177590053|9fb66e93bc41e72292f88be054a51ad1:0.88118659056|	2014年03月08日15:57
100648763	fa3ddbe54cd2006b41b6fe19413dbae6:1.23179471325|33a1df64cc939a5c99a2d59de9a9a9ef:0.284637321498|9b487624d272a7ce9d496e6c4ab8c7a1:1.70782392899|eafa47e33fef9fd33884d8b17e0f0e7a:0.223049479972|c2de70fbf95ed2005a872da3bf7da971:0.203430747079|a8f4e63b3db304b5b5ced74f69b29a3a:0.229813866903|9219ee82f854ea7cdeb5a7a41dc21306:0.526727342314|509b37f671e9c4748b1eb15aaf7fe613:0.199889193239|4a1629c777f47123b31c63db96f379b2:0.229143131737|e297b4a1b89c0c5e286798b25711d202:2.27709857198|08ff8389a63c6d2210589058427faf6a:0.364227322324|ee3cfcbd01faa7daf199e8f1dd70507c:0.450382209309|6888616654cabcf01c56cd0eb0e44b6a:1.4999257529|6512bd43d9caa6e02c990b0a82652dca:0.569274642995|b4f5ed9f100a9c36a06c44a997e6fb5c:0.206803378437|704421ce6c478fb8ae2c6dac960c9f19:0.449274739682|63a8d524b17d22370f59ab95e9ea1e6b:0.216587062077|813bf7a0f088c5e7ae428a9175c41e39:0.479620774071|d3d9446802a44259755d38e6d163e820:0.284637321498|25e0663dc7fff7eb0caab95808d4d746:0.221321606333|f8fbeae19402928ea0909596e2bf896f:0.297214584967|c0c7c76d30bd3dcaefc96f40275bdc0a:0.284637321498|fedf41a611b48c008feb9072e3abd492:1.15019326743|47e43dea7e761c7abb21d9a2282b8082:0.236437755677|	2014年03月09日09:31
100652898	1966fab3dc70f81562c1950fca216675:0.091897105844|24fb8692947ae5f9bbfea159d0dcada5:0.0632116147051|8d9a495b7d8695ee17119d62c23a0fdb:1.79384911717|d9fedaa504bd98aff42c4b60295d2798:0.0821750136304|7e1a4e57c66c1c4f60ade77f979b8060:0.0616490805501|cee8d6b7ce52554fd70354e37bbf44a2:0.0776283604084|37c2601c4e25ad96eed46d2af9269e36:0.0658407632227|69f0c16f34c2a6a31b4cef75f1cc12e6:0.0699037885455|b6a09844f8dccce3e063d128bfb70e18:0.164057382444|1e1459eeed6da94506631a690c7efeab:0.942952764431|1bff2322d63c2840e4db34840f87fd1e:0.172969126458|301519e7cc3b41cc72da191186f81acb:0.139070947562|f0cd3c6e0d27cd81ae75a7023126ecbd:0.0812622291617|072b030ba126b2f4b2374f342be9ed44:1.99246125048|40f28bb52c3dfb708e154516961614f9:1.22740487279|0273ba5c9598bd3d6279fba5d8238e8c:0.301411859199|84e7c157927f32a13b3d6b65e4244730:0.180528281195|a9c26890cc31678a9d834eb84b5c6a20:0.0776283604084|8e535f47691b389ebdfe43861a67aeac:1.21897117033|625fb26b4b3340f7872b411f401e754c:0.10615750362|8117d8dfa625909424033e5f332e9659:0.0666337015294|	2014年03月18日12:07
100651304	93bae42ff4187db75a096233b91e6920:0.150813935526|0d83078816aa273f2941c9b55ec82bf3:0.0767062568726|0bf0feaaca68dbfbbe4d64c4c1397718:1.99246125048|8a8b895fcc504b75f45b6c8e4d15cc4d:0.0795750711388|883f18c97a9a84edc6d553bb0da5cc93:0.099838672002|810a73877ffdea17183c54fd185cd7eb:0.0911313400903|6f869cb4b2b912fae08ab62192e2ed2e:1.86543790848|a89d83c9dd2e9a148654e4ac2fa03758:0.0887941785345|26922a58b3ef0c2fd3068b2f05fd6a8c:0.0714392786502|16678800cfd0dbafee362ea4ba12edd3:0.286815180372|75b160818f574078dfe6e56c8b638ec0:0.0760972193259|902fbdd2b1df0c4f70b4a5d23525e932:0.19178771395|2de0d491d05c1312f60c2aa19d1bca0a:1.04982840128|5844fa2cd29dc94aa3bff89295f65d83:0.13384367156|c51ce410c124a10e0db5e4b97fc2af39:0.127858475967|76a03c1b958010fd028041b7bda34db3:0.127858475967|3075869d8eb051c3ae826c4f04f06933:0.0743351746096|78f7222dc5863c26c058a1722319420d:0.0957424359529|aaea0acfd9168864d4c8fa6e47b1beb9:0.122831723283|9a33f4232415b97383e38dbe0e0cb94a:1.99246125048|adf864d26b2aa851583a32f33915a97f:0.15723013848|eaaf95ff2300b84f90fb44073a8e9c27:0.102032985936|104ec0d7e63ff228002b3c5b256aab67:1.00081154581|30f7dd4ecdfa89a22c47ed6a743a7037:0.0741070486337|	2014年03月14日09:45
100648768	6888616654cabcf01c56cd0eb0e44b6a:0.156708660751|fa3ddbe54cd2006b41b6fe19413dbae6:0.257389940082|465987875c74725f6efb11dee157138c:0.160039161516|a850320796f26e375375e133195beb86:0.178429365715|20f4b07d16d93b61845c3668f48a334b:0.412358049392|f65aee257cc5a4bc293dbdcbfa1cc7d2:0.178429365715|fc4d75f6cb1a4e14ec2cd2b57dffc53c:1.28907007896|9b487624d272a7ce9d496e6c4ab8c7a1:0.35685873143|ff692f04ace012504bc529e0a75f2bb4:0.150444619587|9d8193581a3daec74048ae2b96aee4b2:3.2079596678|87837c251034a0b231733fd92793d5c8:0.137729086829|52b7293e501b7a80d6e8240b29e7fc33:0.146363180444|29eeb04d53afd13c6b7e3e41dbbfe1f1:2.50842435163|95bc468f27bfa77641882624e157abb0:0.174678404099|dc02c90dcc283763072041079ee4cca4:0.164332923793|adf864d26b2aa851583a32f33915a97f:0.175534542661|0bf0feaaca68dbfbbe4d64c4c1397718:0.178429365715|87610e0d829a62984a43acee7b9bc3f3:0.178429365715|83c7b87a317344f9770c78f93ac5d7ec:0.143436092699|ad21a99a4ae1fb29ae1fa3a22578b51e:2.2846259293|16678800cfd0dbafee362ea4ba12edd3:0.26683800363|	2014年03月09日09:44
100642302	8760f3262989595c2344c899a7ac4406:0.0571764491302|92ffc584a4d676a220924bb82b2a8e61:0.0500040121115|4579e878b5e869abbc315f1bd3996fe3:0.0809943597757|c7814cb2c33c876573eaeabfa3bf63ef:0.0399433896161|75168bc897debc50d626e824be9a550c:0.958734459605|e776a016e1395e070797c7752b38c1f0:0.0344901514218|968c68526922ffbdb5c05272c4bef792:1.99246125048|87acf20ec7afa500d3e310b57ee94516:0.0378966009358|b0378fc7cd3505b967478ebd5cc23a38:0.138775776296|c9d4daa1556ab57ac9fd3806fd970347:1.59441800338|3ff3c3e26a68112c11c3e80f2a26896e:0.0374450748228|819360b92683ee15363f039a3ee42c26:0.0376712131491|c8b87810d39abab4f820e793ce1b16c4:0.957600460693|671b1d08434ca364c3de85db14f1220e:0.0357927655051|08f90c1a417155361a5c4b8d297e0d78:0.0485966158654|15878064b31f397984258f90b193c654:0.034693944074|aacca4185c03d8a513e812c11cc6eead:0.0563001722377|8890e7c4619d8c4d1ef750982d1d9a6d:0.0407702302484|0566d2cf90d1d8ac0e9efff4dd8bd52d:2.49043242731|3249eeab4351dbf75fe8b333070a2cbf:0.0429612729341|87f0ad37447a600aaf81ccffd99668ca:0.0745955683882|2eb3b11950b2e96fce0c4d1a53ba25f5:0.226784207372|	2014年02月24日14:36
100652866	c6eab3c99c33969bc95df9d87f0ee55e:0.0505754632978|d7d3b3a5c6cb5ce94b13e268dd387516:1.09001034097|6a4181483ce58cbc44a36bf1ad2dea50:1.28156689062|93c0b171bee09348c23fecc53b7017d6:0.0541868342909|6a453be43beff300203616514fbaa50a:0.0365917640085|ebc88ce07fd7b0ed8ae4614c4f136dca:2.0634317427|ab4a85fc2ec4cf830e0f84aaacefcb1c:0.0396645376256|57846ffb8175e193608431e8a70f0aeb:0.0360425949572|7f6df00c4f16303927e34f6afe85b3ed:0.0848228496557|552cacb8043adc182c107be1712b7a79:0.0825701022184|5110a0d19734c54620eb09af16a320bb:0.0663368201854|c13dceabcb143acd6c9298265d618a9f:0.0531108892396|2b0f197ca242747422e6992c46a63686:0.0844132153692|e6e12fdfc99d03b27cc0deafc55ba11a:1.36585220521|9a71c915ed7962af5c4dac59abce0e77:0.039011635472|70ceb33a9bfdd592eaf4f2165ac12bfa:0.0365778635743|d62d221dde107f2b5298c811dcac47ef:0.036733441723|bed66f2b5fd5e6241831a794c224414d:0.0365917640085|9dfd9bed662b92a34eac133f146d1eb2:1.47328841518|175130c256674f63adcbd93c9fb48453:0.0524331908022|c633a3334c6e85b97dadc492aa465bf2:0.0412483215068|d3bc58b6199653859d2d5ed3c92cb3dd:0.148389998482|	2014年03月18日10:32
100647336	0ee90502540697d8fdbc0fa4480aec28:0.566460465722|20def7942674282277c3714ed7ea6ce0:0.490346056818|e94e8bd35fc8144f38fd1ebc1f81ab36:0.352587512411|dce4d8e91da7123bed4d9bf634e06ddb:1.46638756845|dc568da181c30d470af77d7601dba9f5:0.765341071799|fe0d7a795e92cb114f88c315043cb8c7:1.02395439044|e0409b40276763d1d040dc890c24508f:1.63774102983|692e92669c0ca340eff4fdcef32896ee:0.359030946825|c524f367e2af385abb662ad5fe5693f1:0.35148236554|a5cd4ea1820d5c17c35e86885b1ef10d:1.05212828247|26ca20b161c33362d88eb0ba0bc90751:0.402050128195|9a018b21ab114a51dd7b5979198a941b:0.323287641719|1fa2bf8c04ffcaf2a134736add6150c6:2.00139967032|	2014年03月05日19:09
100648645	b7b80022c8105bd688c8e087eb0eb672:0.352617577152|fa3ddbe54cd2006b41b6fe19413dbae6:0.507209587809|fbd7939d674997cdb4692d34de8633c4:0.703221617818|0bf0feaaca68dbfbbe4d64c4c1397718:5.97738375145|dd90a02d02726c841d34d6fd4ae34d35:0.703221617818|19fcb9eb2594059036dfede5f4ec53e8:0.239972919556|3f6d0e1e31c1967ef07d646ad615baa1:0.474119764388|15408faecd94d5e869161846d386d63b:0.398175243618|9b3b28f48a8571af3befaff00cc1beab:0.263130105942|b7b8b8eed864d1a721ee824b380e7084:0.469516693982|eeb75d1b5a072b763f23ae72963c8fc3:0.626034183176|342c76001c872c9248bca6a4019ac229:0.344833272412|7258fe9f89307511814e2dd0de4adf21:3.95585811755|8b6b09a21fba5522afefc5159e140b54:0.703221617818|3b6fe43dd44fdf2159f40986d063473e:0.452121738444|08ff8389a63c6d2210589058427faf6a:0.449927868754|e297b4a1b89c0c5e286798b25711d202:0.703221617818|776ee03879b9ec0bc8d32cb66611047e:0.703221617818|9fb66e93bc41e72292f88be054a51ad1:0.414676042616|	2014年03月25日08:38
100646087	17cd0ea9620ac732a5d638d9b96bac67:0.32954731828|7e1a4e57c66c1c4f60ade77f979b8060:2.37348960118|26daac2e9287187b79be19bce333d43d:0.312292778121|64254630ba4317f270c56484f004b34f:0.244577334768|9e8e0318425e24fa7b030887ca1faa79:0.369745649021|49afe82820254c0d9717599a742f8587:0.431530458307|d9a4222231c219c62ef9eff1ad7414ea:0.264151786441|f68ebcfe9cffabae73287cfa04af5d83:0.412233362169|79f378e9a5ed2065e7c056319295cae7:0.258463765308|2a1fa1e3a2c66eaf9b2d9924354c2c61:0.29063472339|1db75f373b043522bb87bc92f1b8017a:0.256042928802|363edc7bacea3c700a910c40a620f82f:0.385952670721|cee8d6b7ce52554fd70354e37bbf44a2:2.98869187572|736ccbe560379bec5b7660f0b0f0df77:0.891725576475|87610e0d829a62984a43acee7b9bc3f3:0.412233362169|eaa4df1a76c88426ee89d2aede2f12f1:0.357735073359|f52d66401c6c29ea596f4f1d5c57893f:0.412233362169|ea740fdc4953985bfba6dbdad620ae64:0.423835853086|8d2bd3a574c9671aa56d399d2a02872b:0.412233362169|40444576f5f4b0490362eafabea21476:0.343083928738|5053e4d56d322fa0ebf7b062569129a1:0.417548902852|1d4e1390737436be2713c097e8cf5f96:2.14267189792|29802241615a28bb9d088f1b3b23dd84:0.441450529769|	2014年03月03日20:18
100636362	010fb7e175c577ea3062b87d566c8f57:2.2327160881|f23a04c4d7c4e4426debd7b1fcb51d8b:2.51263251258|71c997d56d47a175e4711cb764db3919:1.40952966974|1cdd7c5fd81770f2d6babcc519ecea23:2.47333611669|5a8669a7dc0a1c1ae48342e66bf4bdd6:6.40103268165|9bf31c7ff062936a96d3c8bd1f8f2ff3:5.97738375145|	NULL
100648503	ee54a92bdcd82210e88da63efd04e97a:0.615014665089|10b2761db5a8e089049df39675abc550:0.356017452114|bb6c2c349c814ca5992e01d523b84020:2.45499689792|82b6d78b56fc367bfeb19f08e409f2fd:0.747172968931|269d2218f13c7966d444ae3db46aaacc:2.71226072181|792f20a902cb2140056084e18037585f:0.629502265969|d917638cf16ff67e41d0502c9ca548e1:1.30796364623|d4f06af80e60abeb5a99a7b88e683782:0.444693125436|87610e0d829a62984a43acee7b9bc3f3:0.747172968931|9d4cf207a2dba52a06b32f68363f1c3a:0.620649108651|3b6fe43dd44fdf2159f40986d063473e:1.57838928332|41fe9aad429032c200c53c30e8fee0e5:0.944380161394|7249950241f3464d4ad44727e17ea8bb:2.13044012438|70872683ebe90e44dba0419432cc7f6c:1.3631181723|a5f23202584fb2caf2f77e0e373fda48:0.589673095833|	2014年03月07日21:51
100651212	a108f6d5583930306c75479866a5cb15:0.128221305163|8aacbde48fc8ec595ad9f6cc6f8869d8:0.223453598185|61e0bce650346404b53976866d7c273b:1.99246125048|3721fb52919c46472570b00c3d271996:0.104265273062|60f89aac693c7b35bdf3e3a340146196:0.0817866565316|52f085e71da458ff9d7a799546065b41:0.136087050871|68bccbcb70f96f92d85d7cac3aee0cf9:0.0682631693009|253614bbac999b38b5b60cae531c4969:0.0744845327283|f3d7070a411495dc6fdd5f4e2865ed18:0.138184891658|8a728f7004919b23343848a082daf7e2:0.090493580845|10d35700c0bd9a8b18391114c59dcca3:0.0744845327283|ebfa6a609c28e86fed27f6f27f6541a6:0.0779712354573|f00e0d6a45f96af550f35dd5f66cc243:1.99246125048|aa8f3faa64ff47b0ce9a76682bde924c:0.235381638651|808030f322f02408c3279e13ecbbaa60:1.64344464227|64a2b83f276f1ae2aad671346688e62e:2.47661071322|9679116b13c012db5ae3bf0b244fc25c:0.0990983509383|bd46c0e1c07556ec46fc1f2a6f26b4f2:0.0972352344907|a40f35541cedf24d2e4fd2a0f9053c0a:1.13451549754|4579e878b5e869abbc315f1bd3996fe3:0.260695864549|c51ce410c124a10e0db5e4b97fc2af39:0.0744845327283|c8758b517083196f05ac29810b924aca:0.111726799093|	2014年03月13日20:59
100655181	0fb02b5513d22a88382cbf3c212fbd12:0.156187389348|0fa79175e1631a30778a2f59584ce8df:0.12324517706|d490d7b4576290fa60eb31b5fc917ad1:1.58389475811|40b14fc519ebae0a15c31b0297b405d8:1.20235094405|7379c919057db28226bd1ac6ab903984:0.228140902258|56bec8a7ee5e37acb09db2a67804a5b0:0.111161173784|8640cb1581c2ae2de5a1462405b2943b:0.297743431061|a95dd3e179418be1ecd2a719a22db70e:0.106055217496|add711686a8e91c6638116b89eb5bfaf:0.1739028673|0fd8963fae14742f90d10ed6ceb37a8a:0.0895488202464|a80e395dacbecebc0e0b39096b4de602:1.58389475811|2e169922657b72d2d8f5c0217bef1932:0.147987848589|c13dceabcb143acd6c9298265d618a9f:0.102044517528|a7ad35acaea5046dd8a61010c6d30111:0.0695861287346|66f04025c2510c74abf3f30a18bfbe93:0.0994474342104|f993f80660123b80c8349d57b041765b:0.0906606199403|c12666adf546ca666cf0a8c9fc95021a:1.49434593786|e0822393338652b27603740da941d13a:0.0965996937519|719597bbdf89fca2c2921aec3c10c2f4:0.0933580428972|820411b5683911af4f10c7642a97063b:0.0958956206989|90c24acf95c9b0fcd51cef350ba4907e:1.10240916087|1827f06ea993ef2a305bf10ff5e6cca6:0.0722471637993|	2014年03月22日14:58
100651469	fa8b87bb34e412a01006264e7421c56c:0.172678390525|4978be2d34de1d88fc424925ba3c3a7d:0.309715749368|fb050d6c9bcc97ed6836bb9ab9b3da7f:0.391959590259|9ae522e5b8170fdcaf5264906b4f573c:0.242504573064|9bf31c7ff062936a96d3c8bd1f8f2ff3:0.19597979513|10b2761db5a8e089049df39675abc550:1.13925584677|a779b01af1186d4423193b0d9497a455:0.19597979513|d2de53e3366779e97dba75deb09e0cc7:0.86978971552|f2d974633c9618feee237ec03b7165ae:0.19597979513|3d2785b196f736f5b843d1e182aa9242:0.312917010665|70dc53ba54a63669b0c0739217f79488:0.19597979513|d119f61b93a8f7345febac0f744a9a5f:0.166220943218|498bd05ebc689dfde8c4a3a59ace4a42:0.206962425398|8aee8836a7cc3f00b33ffcaf084a404e:0.177969757611|fca29d751a9a01f377f9cac54f0789bd:0.167406527834|1ee2d775556f384924aca3b59d33a3ba:1.5754460118|d9716334d1c10154d87bf2935b2672a2:0.313768665957|aab3238922bcc25a6f606eb525ffdc56:0.19597979513|f490fa2063e2e78b75291e4ab5bff7c9:0.19597979513|d3d9446802a44259755d38e6d163e820:0.391959590259|6660cb522128a97fbdc3ae8882020965:0.19597979513|6d853b44b907523ba2be16e1fcb2581f:1.25105599051|6b357589b12f6141fc48c4b0375ef2f9:1.70368632272|0cb358f10ea09ef48e76ca5412a8148b:0.19597979513|	2014年03月14日11:59
100649040	a562ad9ac9f6e9ff63f675ab12aad9b4:1.10985051628|1c383cd30b7c298ab50293adfecb7b18:0.351610808909|d6eb82c324cab2f36e345863fad95090:0.351610808909|6512bd43d9caa6e02c990b0a82652dca:0.351610808909|20def7942674282277c3714ed7ea6ce0:0.562455771056|20f4b07d16d93b61845c3668f48a334b:1.29412150359|9b487624d272a7ce9d496e6c4ab8c7a1:1.67991830923|9c557202449df095780589c2e6e0fe50:0.351610808909|339c7e0048ac7fcadafd530b0ee9493f:0.423526267202|71312988c85dc845087004ee4c5f3009:0.351610808909|998b46ce522f768bd9c3217a949d8612:0.228006157531|d4c9af351a9aa805479c4c4bd5e2be3c:0.351610808909|d709f38ef758b5066ef31b18039b8ce5:0.351610808909|2e314eec8ed61170ff46d2b392a11046:0.351610808909|10c6755b6f804a1bd7bde0137094c2f1:0.229159707918|e1b7cee794666669f55acead93513971:0.228132118172|deb1fb579a81c285c486f1a207f98440:0.333403773368|6c9882bbac1c7093bd25041881277658:0.351610808909|83c7b87a317344f9770c78f93ac5d7ec:1.35045550021|1f99771bc3e23e6097509a331544ab65:2.03152911814|9219ee82f854ea7cdeb5a7a41dc21306:0.216887729188|	2014年03月10日10:09
100648915	e36041062824f7a87063acdf51bf1710:0.81614675113|6888616654cabcf01c56cd0eb0e44b6a:2.09989605406|3134616cd141ea6a437fadbe28f3becd:1.03736994006|fa3ddbe54cd2006b41b6fe19413dbae6:2.6825751533|3f6d0e1e31c1967ef07d646ad615baa1:0.895559554956|239e76f147d21580a4b90adb72aef67c:1.55873095285|9b487624d272a7ce9d496e6c4ab8c7a1:3.7192610009|e297b4a1b89c0c5e286798b25711d202:3.7192610009|87610e0d829a62984a43acee7b9bc3f3:1.32830750032|066a204d6e165369120c106c6093df2a:0.79259272519|0e6546452aa37b9592c1ffb863fd99dc:0.975190408063|	2014年03月09日19:00
100642596	cbbbd3243b7a20342273d0d3ab9f838f:0.0534232918724|0566d2cf90d1d8ac0e9efff4dd8bd52d:1.99132246053|41716f87c3755bab459a2cbc7219e60c:0.0553179464776|e37df9eb18c05c6742bf68bd994bf856:0.0868206999469|96ff585004af1afb382b57d30bfc05d0:1.70782392899|f3d7070a411495dc6fdd5f4e2865ed18:0.138346511414|98f13708210194c475687be6106a3b84:0.0629198289626|a6a5e6fd1c6ec08655064d6ece4b19a1:0.0627216352401|75168bc897debc50d626e824be9a550c:0.0577352942626|aef5b45396d8ae03a9db381c314be67e:0.0750735709995|c3fa326f55e382857a924041f0d4733a:0.113328807644|b6d767d2f8ed5d21a44b0e5886680cb9:0.0838931052835|f1de53dac5f9590f3fca79e7e2986772:0.146812934246|80cdce8e2eb8f1269170922b58668ff4:0.0580885792156|a3ba539afceb9ecf820537bffc829cd0:0.17218334808|c9d4daa1556ab57ac9fd3806fd970347:1.39909552512|770751c4c18f0e280b2c3463e0ba6982:1.09378725019|3f2aae6095cf224ae99217cdd345af93:0.0553183895563|6cda55f7b377830f32e546dda6515eb3:0.207295527869|4579e878b5e869abbc315f1bd3996fe3:0.23070603953|81db48eca9cca5f7c10eae8daeab2da0:1.83366358691|9ffc70369e3289e1616154d81baf8397:0.187115500629|	2014年02月25日07:33
100653403	6f4922f45568161a8cdf4ad2299f6d23:0.426955982246|18112fa9c57daba42740997622ee6a45:1.57266561628|059b9eaf3ade8acdd20b43a8e875bf40:0.457216620118|b62d330b5ae5395834f0f60a2eb45d97:0.429694621873|3fa040860e35952a2c96f97016e7ed19:0.38605839995|fa5747bd9c46a5f7f06feb3be915240d:0.285840135155|2e4f256be4d7124a7d837d495209fff7:0.323446091626|34173cb38f07f89ddbebc2ac9128303f:0.426955982246|9bce4520006eb5c94d2a90f070ab2ee6:0.222575590856|6512bd43d9caa6e02c990b0a82652dca:0.426955982246|35f5aa9f95d3f47a1e001b56b69e471b:1.44341941569|cbdf202517a0613c9ead8a48ce6d5faf:0.267990999884|57bd937c3eb577e6de7c12822846a59e:1.05324567634|2bd84df57457b8536d8945b1bffacaf5:0.283651891391|0f0d43ef288b36f9db52933f8d1bda95:0.432461363668|357ad5090c396391978b946d9727a68c:0.426955982246|6d853b44b907523ba2be16e1fcb2581f:0.223402855448|c6e7825f5beac1e8a569f1294124d29f:1.3634241179|ec92673148ae4178b007d390beba1a62:0.275886085067|c51ce410c124a10e0db5e4b97fc2af39:2.13477991123|6680fb29c8a985b1433b0790ff0fe824:0.471697516836|8425f17177c998595bd42f40a5eda1e3:0.7721167999|	2014年03月19日10:29
100651130	2082e296dd541718a1536b083899beef:0.0472987833943|74c1165277a4a0a84f50fd907cdced0a:1.23989549422|416439d8557e562a621f1f496d2f9a71:0.0697865344173|9463994755488a4835e3d41c389bc723:0.0983564009357|2058d21b15dce3ad6a5b43384af74e3a:0.08277287094|41716f87c3755bab459a2cbc7219e60c:0.0727723727153|837171e359f9426daa06fed757b3aecf:1.15435950197|1c253b084bf23a72e2c98120a27777c1:0.0472987833943|8816a2a0552c9e3d6d5f012d0d99e5e1:0.0709481750914|92ffc584a4d676a220924bb82b2a8e61:0.133838631824|cf2a53e90036fae09ebf2f7f1db52292:0.0638480330341|1ff3004ef29de158bc84513db9e5003a:0.0539314806053|0897e758083996c4e6528abb56274d14:0.0530528894051|762c965bd8ea45a5ef49ba2ac0876a8f:0.050543541283|f1de53dac5f9590f3fca79e7e2986772:0.0709481750914|9e8ec490b52538bf487727e0103b7764:0.0591234792428|012853632b9d3ffff8ea917e04436394:0.0506510993602|2cc946b2082356af685374e621138f9a:0.0591234792428|5182d99ba9856ae704a993290d647e32:0.0591234792428|e673449dfdd0ccc339cae9a29aab3539:1.10194563743|0566d2cf90d1d8ac0e9efff4dd8bd52d:2.52027704025|4579e878b5e869abbc315f1bd3996fe3:0.0709481750914|81db48eca9cca5f7c10eae8daeab2da0:2.58014863416|	2014年03月13日17:24
100637151	185c29cc5696da4230612a5b53a6b370:0.22825497235|da52c7bf62d2b6f2383ec38362dac8dd:0.209386042715|c13dceabcb143acd6c9298265d618a9f:1.51366034333|24e4b462b0aed8593d8ff170a6287257:0.213814406087|be886eedea23b76ec0c6327886841a95:0.190926650075|54918b5cba1df9cda3bdb7f6f500550a:0.334056469312|d0b493786e6b4a9e3b0c10e409ed974b:0.498115312621|1bd69c7df3112fb9a584fbd9edfc6c90:0.24905765631|e2a7915be5aa35fde99f293b14d52df2:4.88677163346|ed5feb61211a910c9d94180100ca8983:0.203615484728|f28c2110da14255f35a89ff470658bf6:0.21223136636|c85920ddca0f0af48761a3f404625e40:0.24905765631|04fc44db998873e91a33c25c5bfb76aa:0.184258996805|1ca23b084e026d3c13cda58c93276d81:0.220176523787|c303b01b9cc3d5d6ba48423d714d2fe1:0.24905765631|f32c7bf98ee2544e4d77e3800018f0c2:0.205367216336|c20ad4d76fe97759aa27a0c99bff6710:0.24905765631|449c801b39fac9689a6eaf953619d190:0.24905765631|94ea01e809d486f2bce7a35149ee2a96:0.274700202967|bd9caee65945989ed3a4acce50612a58:0.183350233836|cee631121c2ec9232f3a2f028ad5c89b:0.24905765631|b6bd56e6ef22833885effa4ad18876c2:0.296582599271|	NULL
100648802	9f9d36327d96efaefe09f6bda9796531:0.411454788541|78fa3cd049500a29e26d9b7e4289b068:0.479019617709|6132bbb9e6fa48fada2a21fc7b3fc130:1.82132094526|3f6d0e1e31c1967ef07d646ad615baa1:0.537335732973|e297b4a1b89c0c5e286798b25711d202:0.796984500193|9b487624d272a7ce9d496e6c4ab8c7a1:3.18793800077|b7b8b8eed864d1a721ee824b380e7084:2.12847567939|692e92669c0ca340eff4fdcef32896ee:0.311160153915|5a23979fe118101342a0467f0534ca01:0.51738620665|3b6fe43dd44fdf2159f40986d063473e:2.04961854761|d4fac3b9819a0e214d58c0c3d7fc62ab:1.32260975578|10b2761db5a8e089049df39675abc550:0.379751948922|998b46ce522f768bd9c3217a949d8612:0.516813957071|1ba49316178abd791633abdd35942063:0.601191715293|8baee572bc30c54fdaa24a56443bf056:0.796984500193|	2014年03月09日13:00
100642618	e7c0908c7bcffc853312bc0651ca3950:0.0565568097273|6a4181483ce58cbc44a36bf1ad2dea50:0.0654407364715|2e9c7f32dfbae4f0e001f917576ee827:1.29132415955|cce970c4bb58302ea3fa09a6c3e197bd:0.119947500029|18246a6be53aa6703db24aca076ee979:0.0985136538954|93e1247b39b4082c7b7c7fc68521039f:0.0799650000194|5848d77a96c4cf42fbc86cb47d1a2a77:0.0599737500145|bf1fe7561bd98f1a719172f89563358b:0.0999562500242|67a58a60ab30af8e4aeacbeec9f94312:0.0999562500242|8b21b729e42f4d3214ee7cf52bb48447:0.107040680295|2c4eae01135639b18c3553b4c1b23258:0.239895000058|953a3291e353dd1cb28943f6d943dbc4:0.194606907861|75168bc897debc50d626e824be9a550c:0.0550319694477|3cd291bab74c2525b41805bdfea134bd:1.99246125048|1e62211d66fa76e43e5da8eb94e47d83:0.0763596722555|c9d4daa1556ab57ac9fd3806fd970347:1.61177963677|323f75d9fb5c65e60f214cda907395c5:0.167633854517|404ce0892b7e20a7bb6c2140c7ad40d3:0.0599737500145|ad1b27af5811828276b9427d71bb1dfb:1.59281203835|f3d7070a411495dc6fdd5f4e2865ed18:0.0494507806266|e12faba56c0e8e029a3057376ba760dc:0.0748488107157|e4738b30154869deba1e08b8c6b70a1b:0.0449205598138|0566d2cf90d1d8ac0e9efff4dd8bd52d:2.51350587841|	2014年02月25日08:05
100648593	fa3ddbe54cd2006b41b6fe19413dbae6:0.0743324395927|3f6d0e1e31c1967ef07d646ad615baa1:0.208449206757|15408faecd94d5e869161846d386d63b:0.0875299026919|ff692f04ace012504bc529e0a75f2bb4:0.0868947371753|9d53230a9593589f9d04134b05157b76:0.100812215221|3e6011c822db7bf24e4382f62154a018:1.9603886141|2058d21b15dce3ad6a5b43384af74e3a:0.154587510813|16678800cfd0dbafee362ea4ba12edd3:1.64396747064|ec42ea504c6e0c411dcb1108cf53b710:0.30389764564|d54e002a5d1dad2d00bc195f58e8dc58:0.077740308012|5a23979fe118101342a0467f0534ca01:0.133806777582|e297b4a1b89c0c5e286798b25711d202:3.09175021627|906f9ec32f4c9a5c1e6c73d32e16b3ff:0.111127881546|59719f671d5dc377313a36ae10d06791:0.264897408179|699d7ccfae86f395dc35185e86a91f69:0.0889410233922|b7b8b8eed864d1a721ee824b380e7084:0.0688084810147|9bce4520006eb5c94d2a90f070ab2ee6:1.55802913599|3b6fe43dd44fdf2159f40986d063473e:0.165648050723|860a6ded2d2d5fed5137f172436ca6ce:0.134722464225|595a39b0494e428e87ce619531013e1d:0.284645053263|2be0551bb40c191cf6e126fcf60d98a9:0.0990317377567|ad7915b2aa907585375dd2b9f301b55c:0.143182649674|	2014年03月08日12:06
100656616	b7b80022c8105bd688c8e087eb0eb672:0.399633254105|07b474969c081cc57a023191eba461df:0.796984500193|9d03c3aeaec6befaae35d55224ec6b5e:2.85936635243|35d9969dfa48df5544b9a005ac4f3f92:1.53687515251|1efc978309b2a7a32b3c8db1bcc5cf58:0.277106415444|1deb0980e5cc444f2c9c0dbf08ef208a:0.526124297769|8e296a067a37563370ded05f5a3bf3ec:0.796984500193|92ffc584a4d676a220924bb82b2a8e61:0.410032899315|b799e2a6edd61de66aa57cd95e626722:0.73783095386|14bf5c897776f11648134a65c8365b77:2.22264817193|9ad9eb6b95bdc9e9884c75832149e961:0.550821532176|4466ff6189e790fef5f4d1d2d9c42c2b:2.98470065357|041da43136a52205460590ca4e8d9023:0.478616796746|3efffd5f35a6ca840796ed6d248a9035:1.2991944181|	2014年03月26日08:25
100643946	a35fe7f7fe8217b4369a0af4244d1fca:0.0406624744997|a4830cc964a3a221a6b19e644d588d32:1.90836927586|188a78bafd66335bcdc7009d139cb93c:0.0417701267677|f5ea834552d4f34837ea2ee90f4152f0:0.0429515246041|60f89aac693c7b35bdf3e3a340146196:0.0714381408072|4e732ced3463d06de0ca9a15b6153677:0.0609937117495|63153df1cae27e9b8a0960ca6731a6aa:1.85097566545|a20449e57de3d636a165e00872f6d9f1:0.0638391519431|2058d21b15dce3ad6a5b43384af74e3a:0.142318660749|f27b59fafea3e9ffcf3f6993c1c1439e:0.0726723750438|f14b4f28c44e1be80050c75045adfa54:1.31058170411|15383161e1d6fb9d42f259701578ec2c:0.108260945165|57846ffb8175e193608431e8a70f0aeb:0.0503125203077|b00eaa78a38aff41d16abc729fb9de39:0.0418260600424|e05e6f34004a25fe67f297c30605baa7:2.11417114864|422cbbec7baf7dd72ba43f11fdeefd88:0.0406624744997|cee8d6b7ce52554fd70354e37bbf44a2:0.0406624744997|38e805bb6ca79f751ee6770bd9211f58:0.0406624744997|67c4b0269cfc67d714cec57ab55c30c0:0.0609937117495|93946bd3b3e39288d1e57d8275cafc67:0.0691860538733|0a8885c956518cbd818addca83cb06f4:0.0440978687753|49078a4bd9d7f6e0dd0f0d659f4c4404:0.0714378848671|	2014年02月27日11:30
100653351	6f4922f45568161a8cdf4ad2299f6d23:0.853911964493|779b75403757027d1fd5a9c5fb065637:0.689441600709|8d9e303f74961c8724404fd3c060dea1:0.853911964493|6267ab5a8a9912c72c8a3137edd19588:0.582920338557|d2de53e3366779e97dba75deb09e0cc7:0.310639184114|9fd882a1803f9b36ca770acc264af6d6:1.51518941024|d12e77c56a4d956cd597f2de7422b8b2:0.443566749174|15ca3c381f0db004e6554941fe5bb1bb:2.48530554836|ff1fda9e47f0d169236d022b56a884bf:0.487009220187|03dce09a53a8ff42f312f193f795442b:0.853911964493|595f60dcc4219fb2ba9fa06da8617824:0.628629373154|3874809aae2918cd42cf94465d0c28a2:1.37288831583|0652742f993901ee207cded4371a7fe5:1.02220590036|51ee36ed09f29697a51fc678c9649588:0.471106388327|13104533ded379b9fdfa2143f95f0bd6:1.5273422735|5f7f47654c67d8b9cc019c3aa3349a96:0.815412214443|	2014年03月19日08:52
100657261	26ca20b161c33362d88eb0ba0bc90751:0.348443444435|dab30bd7565d0f9b496ecf95bbd00162:4.01179065644|477d93b399f0a2416a2d7cb473c5a641:0.880502031427|bb8e39f472be3aaa49d3c641231d7ef0:0.761051400147|2e90ebdfa54b786339c44d38f92cce10:3.22987101784|2c6d93abd65b8fe4ca29b3c392c0b3c4:0.441102856385|02e74f10e0327ad868d138f2b4fdd6f0:0.796984500193|20def7942674282277c3714ed7ea6ce0:0.424966582575|8af611a01d08c8fa86abd86db86424aa:0.572170510542|a3142f928000eb790e009974d496579d:0.419586208051|5a974270b89fad0c1b865f42e020483d:0.796984500193|fb050d6c9bcc97ed6836bb9ab9b3da7f:0.796984500193|4b83af2619f9539ca619681a9dc0cae7:0.603766037701|3d26792938cc6687c3d5d0beef480c70:0.295609724976|4bb20c41cf12f8eb7e042fd937cbf7cc:3.2923186916|	2014年03月27日10:34
100648582	fa3ddbe54cd2006b41b6fe19413dbae6:1.43709383212|d38a089ebab5a296c5c04b2b5e15bb36:0.93535719876|bab0770e7a0c4a8ebb3e0cb6f17a5249:0.774772019654|262c7737bd46ecc1027dba8fb2637d93:0.579554400326|74fe5f9e99dcf491781c9b5474d8ae53:0.374629377455|1d7f7abc18fcb43975065399b0d1e48e:1.99246125048|135fba904a3ee9112ac1828cf57d7700:0.919597500223|3b6fe43dd44fdf2159f40986d063473e:0.591236119504|b7b8b8eed864d1a721ee824b380e7084:0.613983369054|88f6f118479879a2da9f246b79a94604:0.429080042694|1e1459eeed6da94506631a690c7efeab:0.39658095327|3f6d0e1e31c1967ef07d646ad615baa1:1.96334210125|499af479e505663ef197caf2afb2b942:1.01607104474|906f9ec32f4c9a5c1e6c73d32e16b3ff:0.330534211779|2058d21b15dce3ad6a5b43384af74e3a:0.919597500223|d3d9446802a44259755d38e6d163e820:0.919597500223|424a2ad8f7aea9d0c2573b1d60d3a65b:0.381310842005|	2014年03月08日11:27
100640893	2d77c0ceab36befa50d434c986cb17d5:0.881330010221|0da4c9ce7bb59c7baba7ab002af0d770:0.474683711053|bf6fe2acbfe23d1aa61a8158d6312537:1.07733167029|f296915eadefa8b7207e153d97c14ebf:0.811655237557|e2a7915be5aa35fde99f293b14d52df2:3.25784775564|4e732ced3463d06de0ca9a15b6153677:1.32830750032|1ac3a5836844f9e80a0a21016f9fc144:0.801369215337|2eadfd38b680c4818561d8110c819d3e:2.34807188913|9165d95d75749a915cb658002ba605a9:0.989273930912|f5deaa1716cb14804e33a9dd656af5a8:0.766300390583|67b5920eb1b0f4dc9162912278738b32:0.920838838399|aefcbfca08c840aeb8bd72dc1c8ff7f9:1.54462081102|	NULL
100633200	3662686dc4217192093e6279299da736:1.35685908702|7efc7fc3176372d6215547a1480380df:0.313751302648|f18105751668a3aaa78890869432da17:0.324210646784|430d2282b3675f5ef7ae966c93706ef1:0.717941221271|44d320685dcd499fca3e619b2bb7bf85:0.347263981806|ec3dde067bbb3b93c548eaf619f2dfa5:1.706217197|16678800cfd0dbafee362ea4ba12edd3:1.48984552027|45125a74bec16dc22aece307fc34daf8:0.261439351652|551f1a6e7bf6517b88b893b7ee24f4ca:0.284292945701|6c39841deb396914e5013c64da7fc869:0.385637661384|c6f7eaac4982157f3b542845ebf56788:0.426049370045|8038da89e49ac5eabb489cfc6cea9fc1:0.385637661384|e8fd6fb546bf61e862fcd7f20bde6cef:0.706854107923|ba2bacf4147bb21cfcff54c027603b27:0.339786510387|19032944a06ef68807ffee6bc1851933:0.385637661384|6512bd43d9caa6e02c990b0a82652dca:0.385637661384|0337ad5c13e86dbcf57a6f6030a5a1c2:0.338692911945|81cc7a8b0dd2cc7cd5e5ad40f31f7d56:0.298901569798|c20ad4d76fe97759aa27a0c99bff6710:0.385637661384|9b10a919ddeb07e103dc05ff523afe38:0.385637661384|f7b895d12d8dcb56a0eb8e3f7832d9f7:3.20051634083|858904c3e266f5640bfa88f16d2ed50a:0.385637661384|cdfefcb762910150fd9f6fb6dd341073:0.306652532171|c8758b517083196f05ac29810b924aca:0.385637661384|	NULL
100656369	f9ea07c532bdf940ca40d1f40c614db1:3.28936160544|4719ddea4b7d94b2121cedbe2997a0d1:0.334668843944|d0cca06e708b5e8f92ad98fd62f0b6d3:0.36017206942|e2d4b737b45c84970fa42a70c200d654:1.94730257812|0120c8f3ebed1d60d60ae60d3dd035de:0.367471440959|b060c504ab8bb430fbbecd4846f7896d:0.664153750161|e7c0908c7bcffc853312bc0651ca3950:0.375788580188|f14b4f28c44e1be80050c75045adfa54:1.16760915457|e2eb289cc37550406f297815e5fd3271:0.331632938358|bda3fb373c8a2660126ed39ebad34663:0.338261345686|4addb145a8bcf7d4429e72159efce8c7:0.373113805514|640eb5069b38900c0864493cfbda4a6e:0.550649644745|bff60100a48f054666baf68caadf1984:0.595701323422|02e1773658bd234f4c506f9d0245cf83:0.398646889434|03dce09a53a8ff42f312f193f795442b:0.664153750161|2428ebeae76e0e6dab6cdff4c89f6a55:1.90712692021|1ff1de774005f8da13f42943881c655f:0.664153750161|f240f0aa368d0c4a5c14061e916b60f9:0.533901011713|8b9a14d93c3e810a623e97a39a231353:0.156530609563|2b309366daec59d9120490b2c9c89004:0.442986201445|	2014年03月25日15:46
100650707	6888616654cabcf01c56cd0eb0e44b6a:0.138151056188|e83a256e4f5bb4ff8b3d804b5473217a:0.0860267418626|c13dceabcb143acd6c9298265d618a9f:0.119499500789|0bf0feaaca68dbfbbe4d64c4c1397718:0.23594935861|20f4b07d16d93b61845c3668f48a334b:1.55796932195|fe3b7959665ad67784a5953a9a299d54:0.0936493743601|9b487624d272a7ce9d496e6c4ab8c7a1:0.157299572407|e1b7cee794666669f55acead93513971:0.102059105498|e297b4a1b89c0c5e286798b25711d202:0.314599144813|83c7b87a317344f9770c78f93ac5d7ec:1.56256367526|2435a45b85628172c5a47122144a7c67:0.157299572407|d3ce40d862f1c7e4748e6c28ffb0a007:0.113281344851|775a352083b9b4fb7fed97b09a52053d:0.1888327371|e28fd88450c9adaf96b4652b73820941:0.113387814779|9219ee82f854ea7cdeb5a7a41dc21306:1.19899776606|32a3196a4e19c14e4d202b96906364ae:1.72984545467|339c7e0048ac7fcadafd530b0ee9493f:1.26540413857|8dc09ebe97e0de817d74acab93088c0d:0.0910238802699|72fa7c88b797342c8d89035066661dc5:0.0955974674289|1ba49316178abd791633abdd35942063:0.118656259597|16678800cfd0dbafee362ea4ba12edd3:0.117619383179|	2014年03月13日08:41
100646782	44864bdaeb6925a8e6e281e09c4f04cf:0.160682696298|f0cc120ba731926df302dfc7b5a31bae:0.156694327176|f6d9b1a9920a11cd69ba481a2781535a:0.189910114639|4c64a98a2a56d9aa8358709d5d6387d3:0.188583328649|304b25075b5d63258f27c2b73ddfa0d6:0.167349627321|0dc09f4ccf77a989fc00458809ecbf0d:0.215242835594|4387a08f3c134bb0921cee64587a12bb:0.316344507452|f6a6b487c739bb23c279da6f08de0015:0.164491733101|5ecd523e6f9c52a8a32f5d8e59009680:0.240661217133|c51079fdcf41a744100e46f20402e252:1.35718164072|56e49e9b38069fed2c1a44b99efeb44d:0.15657261304|189c4a7bcb22e989677486c00aaa5f9a:0.22226539357|bac1acb61a1ae97c9dfadf510ffacd99:0.433139243169|dc568da181c30d470af77d7601dba9f5:0.19133526795|6f87b05ef9f693073a888501534da184:0.168442578759|26daac2e9287187b79be19bce333d43d:1.8112981131|c2de70fbf95ed2005a872da3bf7da971:0.164309449563|603dbbad03a605dbd2b97d0ce43159c1:0.172565845516|0b075b5c8c0d91c6629d30a757003152:1.73670052909|ba0ba41be314dfce610b238ad10b5786:0.14949631669|1d4e1390737436be2713c097e8cf5f96:1.60188111121|1fa2bf8c04ffcaf2a134736add6150c6:2.36355770591|	2014年03月05日08:09
100656591	cb0cb25e90cd07e94ed5f2edc779c624:0.185094741786|6512bd43d9caa6e02c990b0a82652dca:0.161006969736|5fc6a6a505f1bd9e121bc1a9b06153e2:1.34900424294|9cc9654436169596f84126df24918727:2.75321918249|23a760a2202d21077d1ba748da032378:0.117152450091|c9d09c80438947c6c8ecdd121ced7b69:0.080503484868|ed82d8b7c203b14a96f1d42afa1b70a9:0.0741434740343|eb8844ad988d1385b58915c6beb23ec2:0.144986771942|cee8d6b7ce52554fd70354e37bbf44a2:0.080503484868|c1b0c5fbe6fd194d5ac5727b565c1bd7:2.190885452|1c7fc5aa309ab33a239bcbe84bff9863:2.28088917634|d6916f9cd76db9557d849d1577e8c94e:0.173228278439|07d6cbe0b5f1ea1879990c0f8440943e:0.0827692911751|e45aa83e87bf255b8e429165fee138b9:0.080503484868|f92bbb5a4d0af3dc368dcd95d9d413f1:0.290863165664|54b1ee8edc35a8add9d5a5078aaa1e33:0.0722062210209|ef8446f35513a8d6aa2308357a268a7e:0.080503484868|6ec46ff17e12f3b29ea96be17729d46f:0.151290088571|9cade34e9416b807155cd454aca41c76:1.88017359633|c8758b517083196f05ac29810b924aca:0.161006969736|4ec30eb6dcd24cd280b4e6be87789aa2:0.10340521218|	2014年03月26日07:25
100637175	c3b0de79c0f7ac94ead107fcc7e83b7e:0.498115312621|8eb66d0572d1f5d6c50a090b242ec093:0.433507087104|b33b8c01750c97612dc0a94e198d80e1:1.92302190647|dd44a871f39685cd048fa8d5852dfe10:0.472322012271|e0b7489726c1b941abaaa319d4427cd0:0.327319680748|fdde4e541efae7b29d1c98eb241ef743:0.26255317994|c74d97b01eae257e44aa9d5bade97baf:0.498115312621|ca427b28a831ff941183dbea49bba41f:0.4565099447|1aa927dd301e9276721c8ec89f43911b:0.249085586573|c59ccc0ac0415f3d8fe66039fa389a04:2.11673891211|320c9762dba4562d5e4067a03b6559f9:0.40929750867|ea5a486c712a91e48443cd802642223d:0.498115312621|4a73195467238bb7a0df60f5b0a300aa:2.13367540924|c288542c17a0a016b0b248299bd132ec:0.406564288566|e236dc764501208806a29f94ea8c812c:0.273516332998|ef8446f35513a8d6aa2308357a268a7e:0.498115312621|7c2824dd6125834293670f7eee45d048:0.996230625242|8fe88bd9d340224b9f060d172c9db523:0.3729965734|2909590a24156b29fe1d3a117a9dc21b:0.96650771325|22ef3acb14d29f0b490b5e4dcf87a29a:0.296698156021|4c5c2fce8c4e0c6696d83ea4d3223ebe:3.02722954568|c78c9120ac8ec30be773385bb1dd16aa:0.265649037744|14afaa8b457f8a708a2fa06612328de0:0.233061042723|98f13708210194c475687be6106a3b84:0.498115312621|	NULL
100657146	fa7501899f6a3a6aebf2572c8ef23fc2:1.06928289631|20f4b07d16d93b61845c3668f48a334b:2.24329827725|3f6d0e1e31c1967ef07d646ad615baa1:0.620002768815|fc4d75f6cb1a4e14ec2cd2b57dffc53c:0.336388297138|339c7e0048ac7fcadafd530b0ee9493f:2.30767517386|4f0b14f4e3919a18c8aecb28480f15b3:2.07333990412|a0a080f42e6f13b3a2df133f073095dd:2.91205875071|37693cfc748049e45d87b8c7d8b9aacd:0.919597500223|f5818fdf0883bea3583d9e5107dbcc1c:1.3060130586|de71402a12a2aee220c8f625bab43f3f:0.424826655992|998b46ce522f768bd9c3217a949d8612:0.59632379662|26922a58b3ef0c2fd3068b2f05fd6a8c:0.513813273368|	2014年03月27日07:52
100642684	05f0ea785acb61d5f15b50367a66b99f:0.164762895266|fce9d858a5465e9825c06b4a916e8257:0.0563904127495|84834daf7daa761801a47735ea0f529e:0.0830662293799|0030dfafccdd19dd8e3f83f61a201651:0.0576382339848|e37df9eb18c05c6742bf68bd994bf856:0.0565898215777|a530b2a4ababc6fb1e1b803135884b8e:0.0742225606621|2685c0a029761532fc8ebeccc4e39413:1.22796428755|f3d7070a411495dc6fdd5f4e2865ed18:0.240230233558|91de0156a7ee8d20b19de24ecd74d4cc:0.14388520058|ceb29c6dfebc3e3f84e8276e21c7a89c:0.0917764939892|8038da89e49ac5eabb489cfc6cea9fc1:0.0939840212492|0af306ddd2d1d348946c2762f9391bc5:2.68227296566|5d38fcc46c077fed4915b186612c440b:0.0997653619735|cb0b62c1448b87e8f215d0641a6fbd6d:2.70240879965|59baaf28ff0160b7e5d60ed4aa4250fc:0.0902824935065|8549e3ac044b5fbac66d2fca90f27b13:0.112780825499|f4469152b067e81711c9de93c57951ca:0.202597510802|515a32b9f3bc45774804b8194a5f360f:0.0603871007703|1b244bf9e956d922c771c01497a2d469:0.0836815068923|7cf880329394b1a89e98849cde51500e:0.0951958976627|0566d2cf90d1d8ac0e9efff4dd8bd52d:3.0334360053|4579e878b5e869abbc315f1bd3996fe3:0.281952063748|	2014年02月25日09:35
100656637	2d711b09bd0db0ad240cc83b30dd8014:0.394944874995|4d775d4cd79e2ed6a2fc66fd1e7139c8:0.347634246551|78fa3cd049500a29e26d9b7e4289b068:0.552714943511|e6cadf564808bd87565736d5aa0af743:0.919597500223|d166bb06992f78f5f793a771c52b2de8:1.76237318112|8e296a067a37563370ded05f5a3bf3ec:0.919597500223|a6bb21be9f9d23461f51b80322fcd118:1.25659240335|a076d796c01165e73137b42b8a223163:0.835088862638|104ec0d7e63ff228002b3c5b256aab67:0.461913021145|1c7de0bc18a15f16ac2f4f4adf2b050f:0.856006840746|61a3ec6656837d917b6f69525a262eec:0.425733841191|889c16818b62412fad666d9a5401d73b:4.18529059954|906f9ec32f4c9a5c1e6c73d32e16b3ff:0.330534211779|94520ed2b0aecf12a7f816f15da003c9:2.49716366164|637872035e2c55e9887a0af83decf668:0.553088810963|6e88c3798d6e33aa990fd0627a032b33:0.710556812143|	2014年03月26日09:09
100648830	fa3ddbe54cd2006b41b6fe19413dbae6:1.46527214256|0a50d8e5691fa16ba3e04cac26133352:0.363022469275|8656fa0e5d2a098c658d173e9bd18f9b:0.498572213794|441653cfddb87da19fcf1dfad8edbba3:1.29687003644|262c7737bd46ecc1027dba8fb2637d93:1.28032279288|c74d97b01eae257e44aa9d5bade97baf:0.703221617818|e2eb289cc37550406f297815e5fd3271:0.351140758262|9b487624d272a7ce9d496e6c4ab8c7a1:2.03152911814|0dd5779434921f14925a4d22eb3181f8:0.635860894035|e297b4a1b89c0c5e286798b25711d202:2.03152911814|8818d4830dac5e2ade9f9587fc9ba1a4:0.355232386715|88f6f118479879a2da9f246b79a94604:0.328120032648|6c335b604e58f5794f0b70039ef64b2a:0.235720025605|906f9ec32f4c9a5c1e6c73d32e16b3ff:0.252761456066|2058d21b15dce3ad6a5b43384af74e3a:0.703221617818|3e4b3cdc344b69490223fd84e039dd50:0.703221617818|a9ad8fbe0ae59187ab70a581b2086744:0.695366830018|	2014年03月09日14:24
100648981	fa3ddbe54cd2006b41b6fe19413dbae6:0.0950144682397|4eb7370d38e8caa36144e3a44cd1d179:0.164666219048|b27f597c46675068bb1b0cef0ebd7d66:0.112329655942|595a39b0494e428e87ce619531013e1d:4.54804768299|ea538b0c920d7656cc330092ffb11e11:0.0987997314289|9b487624d272a7ce9d496e6c4ab8c7a1:0.0987997314289|3b6fe43dd44fdf2159f40986d063473e:0.317606179899|79b197abe7737ac96e50a12f09f58ed3:0.0829767294028|ab5dea29793d933fa7b5487a7309df6a:0.0678550049207|6512bd43d9caa6e02c990b0a82652dca:0.0658664876193|c20ad4d76fe97759aa27a0c99bff6710:0.0658664876193|2457513054904ecee1cf282304c39e32:0.0942018679725|2058d21b15dce3ad6a5b43384af74e3a:0.0658664876193|8797922788916874c39ee1524bbc3638:0.0507843841477|b41b7df25a025ee64d5c0ea0662a57c8:0.18192190732|d0a33aaeb397dc8b27cc08a024caf98e:0.14505366223|860a6ded2d2d5fed5137f172436ca6ce:2.69073792185|0969dd7f365df9733c8eb3562b7a4abf:0.230532706667|1c097b12de69ce382994b1637bfe7d0e:0.0580700756737|4aab0d48e49f5591460d8ecc42ed59f7:4.08968553045|	2014年03月10日08:08
