81a26b596c7dfb7fa67d97cdbb19ccec	河北
6f4922f45568161a8cdf4ad2299f6d23	18
85071cfb0fafbd7121793cab8d1001bb	暴力
ee7810d0d8e5af46860c7dce0ad66090	阿末
52b7293e501b7a80d6e8240b29e7fc33	美联社
0d83078816aa273f2941c9b55ec82bf3	数据
2e9c7f32dfbae4f0e001f917576ee827	江湖
74fe5f9e99dcf491781c9b5474d8ae53	组织
7379c919057db28226bd1ac6ab903984	职业
622b43dc6337cf2ae6e0600d5db07483	家庭
5a8669a7dc0a1c1ae48342e66bf4bdd6	指纹识别
09e1f6f75abf89934269b3ea96e86cf5	土珠岛
56bec8a7ee5e37acb09db2a67804a5b0	人才培养
e2a7915be5aa35fde99f293b14d52df2	土豪
a80f5e0716147b15e0ddc5ee9bd3a1c6	之三
506b4e3dd8dc7960dbd86b2b2dbb59de	每户
bf1fe7561bd98f1a719172f89563358b	洗码
0ee90502540697d8fdbc0fa4480aec28	新华
1fb5d8c6d3653223245596c1c6e5cf94	衣物
bb8e39f472be3aaa49d3c641231d7ef0	停不下来
1c253b084bf23a72e2c98120a27777c1	旭晨
fdde4e541efae7b29d1c98eb241ef743	令人
b7b8b8eed864d1a721ee824b380e7084	乘客
f296915eadefa8b7207e153d97c14ebf	鲜明
1f99771bc3e23e6097509a331544ab65	NASA
8db2bba84aa7f859708942f98b3fb308	谣言
a6a5e6fd1c6ec08655064d6ece4b19a1	金元
92ffc584a4d676a220924bb82b2a8e61	四川
8b6b09a21fba5522afefc5159e140b54	雪邦
f5818fdf0883bea3583d9e5107dbcc1c	法国
e78216b76a5d37d78a5860c0a76b1abf	军方
9b3513feeb3dd5a6a7fb9feffac15a67	新开业
a80e395dacbecebc0e0b39096b4de602	鲁昕
ce8a7b5b29673d33257febd03fb904ad	新加坡
28ed4226c211e957af5add72ce5e2856	否认
699d7ccfae86f395dc35185e86a91f69	民航局
14afaa8b457f8a708a2fa06612328de0	一家
fca29d751a9a01f377f9cac54f0789bd	摊贩
9d5bd85e47e3436296ff1ef7c8db0001	大亨
27c3181d2c4bd8838a7ab4269e524681	潮州
259f542c0981dfedc7ad53595454ded2	中午
505ccfb0e8b6f7ebf36cb0e99f3254ef	现在
66f04025c2510c74abf3f30a18bfbe93	高等教育
40b14fc519ebae0a15c31b0297b405d8	本科
0273ba5c9598bd3d6279fba5d8238e8c	审批
4ba29b9f9e5732ed33761840f4ba6c53	2002
416439d8557e562a621f1f496d2f9a71	九鼎
1ff1de774005f8da13f42943881c655f	24
c2de70fbf95ed2005a872da3bf7da971	中央军委
f61f4cf6d0d544fad4507868b74696a1	暂无
3d2785b196f736f5b843d1e182aa9242	歹徒
1bff2322d63c2840e4db34840f87fd1e	事项
10c6755b6f804a1bd7bde0137094c2f1	精度
9679116b13c012db5ae3bf0b244fc25c	内幕
189c4a7bcb22e989677486c00aaa5f9a	主席
338b044cdf869ccfab90a78968e09efe	原本
cc44125b7916456ca375f845ccef055d	秩序
d0a33aaeb397dc8b27cc08a024caf98e	他们
bed66f2b5fd5e6241831a794c224414d	公投
3282a0dae2ab9f28ef18ec712b98d6a3	茂名市
1469bd79845a42d197599a5ee357a66f	棍术
d5c0ebdedb6b884fe22b7283d224d951	访问
c6eab3c99c33969bc95df9d87f0ee55e	波动性
71a653f519725ddb17e4171ade60d01f	元至
8a728f7004919b23343848a082daf7e2	矿业
5fcd24f70dce8871728647b91e0aa141	西雅图
2d17f0565f357789e3d11455c5af0f75	克里米亚
93c0b171bee09348c23fecc53b7017d6	波幅
810a73877ffdea17183c54fd185cd7eb	援引
64254630ba4317f270c56484f004b34f	水果
a076d796c01165e73137b42b8a223163	大屏幕
63c14d65fb8b9ebd59e9cc300d158bc9	多名
820b5ec5c885b102987baedd85d05032	乘务
9d53230a9593589f9d04134b05157b76	朋友
c9d09c80438947c6c8ecdd121ced7b69	金道铭
e236dc764501208806a29f94ea8c812c	结婚
f899139df5e1059396431415e770c6dd	100
4addb145a8bcf7d4429e72159efce8c7	商业银行
f303c10a9ffd1226be8d61eca65f6dc8	商店
8e535f47691b389ebdfe43861a67aeac	权力
ae0785738f077a2b589dbd07a84109d9	部件
6271795d3f34378db363608232acd2fe	日子
77cc859e8f6c469eeb72698e91db1c20	旧金山
d94217c238c8ecb72f0127b21879b6de	差距
fe0d7a795e92cb114f88c315043cb8c7	参加
79f378e9a5ed2065e7c056319295cae7	驻地
7551fe6c86d16607aa9472e17dca1591	黑客
512748244baaecd4e6053ae4894ae1a2	共和国
d5bba21ff9a7bc3a5e41a77f5c75333b	盖茨
f92bbb5a4d0af3dc368dcd95d9d413f1	山西省
b00eaa78a38aff41d16abc729fb9de39	规模
3d26792938cc6687c3d5d0beef480c70	许多
5d38fcc46c077fed4915b186612c440b	民企
a530b2a4ababc6fb1e1b803135884b8e	虚假
1b15f9e7d2f2c7cc5ef1f854d9d581c2	纳吉布
ee3cfcbd01faa7daf199e8f1dd70507c	赶赴
94bda6e904e9f4234563fca3a3cece3e	日前
a12c8aaf7b9d441bbed8469aa782f637	政协主席
3386da5f56fac758ed0f18e024ecb943	特大
419df05e44b6a68d9cca4c6611af42b4	执着
a1aebfe9e31ad63fb191e96a0099f3e3	票价
cee8d6b7ce52554fd70354e37bbf44a2	2014
8b9a14d93c3e810a623e97a39a231353	一个
7ad5bd2100b2521aeac49d877a86486a	手记
4a50298f4f73c7b9d44b29566945422c	马来
1bd69c7df3112fb9a584fbd9edfc6c90	4000
6d26bde838dc7fbecba31bff05914dd2	部称
072b030ba126b2f4b2374f342be9ed44	60
fce0fe01d2a6699aa739fcba5ef62ce3	飞往
95abc1ef32f30d8a285ffbe0d36647b9	路人管
ab3e98c49a40a0d2253ebe132cae7e2f	平壤
4e6ba278f9930f6af0b9306f3ec09dea	解思俊
f9ea07c532bdf940ca40d1f40c614db1	挤兑
0b075b5c8c0d91c6629d30a757003152	看望
a1a36b69715945d17d42f8d2f7054ded	周玲英
41fe9aad429032c200c53c30e8fee0e5	昆明
fa8f026e933d6aea81295dd0896f86dd	尝试
779d3f119a711a765e639faa01968f5f	偏南
fc40ee20f9d006155de1a18869cfee60	窝案
c8f94003e0ca28145eb589b181e3c06a	接受
3644a684f98ea8fe223c713b77189a77	200
2cfb6cd22637bdaa7954def8829a6e11	冯立梅
f9ec0be961fcd14acdd39f47f5110be2	外交
a03bc30e64c2931f9f25f8baac66cadc	3.01
ab84843c57dfd328c88bc5e68447f517	纠集
3e41710e75ffa804ce91daafd17d7a06	CFP3
8aacbde48fc8ec595ad9f6cc6f8869d8	东英
101c778dfda6eb7113d2642590565915	戒备
fbd7939d674997cdb4692d34de8633c4	76
e1e33525b9f147290a10a78ea2af4868	家人
59baaf28ff0160b7e5d60ed4aa4250fc	托盘
cbbbd3243b7a20342273d0d3ab9f838f	四川省
35d9969dfa48df5544b9a005ac4f3f92	学生
f240f0aa368d0c4a5c14061e916b60f9	产业园
f12e10f0d29d485485e20d1300a1fd60	汪兴
9b3b28f48a8571af3befaff00cc1beab	国际
1d7f7abc18fcb43975065399b0d1e48e	154
8760f3262989595c2344c899a7ac4406	生意
b4a1629c967092ecb778b61c437d5fb0	周家
67c4b0269cfc67d714cec57ab55c30c0	月期
f27b59fafea3e9ffcf3f6993c1c1439e	互联网
8120b0fda51434ccb25bd1bd91e73f47	招录
54918b5cba1df9cda3bdb7f6f500550a	多位
ac25433e874ea811f2eba5bdff66d958	分向
441653cfddb87da19fcf1dfad8edbba3	通报
cf2a53e90036fae09ebf2f7f1db52292	景区
736ccbe560379bec5b7660f0b0f0df77	什么
a9ad8fbe0ae59187ab70a581b2086744	首都国际机场
f6d9b1a9920a11cd69ba481a2781535a	十二届
059b9eaf3ade8acdd20b43a8e875bf40	回天乏术
bef8cb9bf7a2b41245e23cc3f0f495ed	凉山州
e0f50ec606c1702b58b6f8e1e2694c17	袁宝
97542386a90fa65e896c4b8459fd6bc0	粉色
f00e0d6a45f96af550f35dd5f66cc243	汉龙前
8d9e303f74961c8724404fd3c060dea1	土珠
b2972522a041947d45978908e5ec8137	负责人
15408faecd94d5e869161846d386d63b	等候
d119f61b93a8f7345febac0f744a9a5f	抢救无效
324712a3114c9368ab589ae06b6a4dd6	维修
31c88cce309c8f79f9958882ab79ec30	香港媒体
4c64a98a2a56d9aa8358709d5d6387d3	新形势下
188a78bafd66335bcdc7009d139cb93c	同业
f45c5252cd4cb884e96ed98ba6d028bf	该院
bb72c5841b03ceca88ef770e35689995	左右
3d7443aeba7c8eaf1cbb42ad5232fa10	加强
cbdf202517a0613c9ead8a48ce6d5faf	小区
83c8b9fa8c9ff69b9029697b03303630	警车
f78fc6a9cdbff2dc53da2644c66dbac8	化工厂
3d895a007987a37486e63e7ad3782842	苏联红军
637872035e2c55e9887a0af83decf668	主管
97b677f86fccdfb2d93d232723361d30	黄金矿
b01030708cc76c79cb8b5ff72f943d7a	议会
f08292e975c022d7c03a8a30ea025731	尼克尔
d62d221dde107f2b5298c811dcac47ef	准备金率
6d853b44b907523ba2be16e1fcb2581f	死亡
eabc575173bdbbc9c1f9b61932b00000	交通部长
1757406e4daf9a84e99c62dd7806ca14	王锋
cdfefcb762910150fd9f6fb6dd341073	商界
530c6f48e1fed9833663d523a368b92c	摔倒
d9716334d1c10154d87bf2935b2672a2	长沙市
e8a3d558266d6243af2835079ef40577	卡通
9d34844ea0ac0f5c4104c709d984e644	驾乘
0120c8f3ebed1d60d60ae60d3dd035de	环保
4719ddea4b7d94b2121cedbe2997a0d1	群众
2be0551bb40c191cf6e126fcf60d98a9	凌晨
1827f06ea993ef2a305bf10ff5e6cca6	调整
c78c9120ac8ec30be773385bb1dd16aa	感情
eb8cccd7e77996087986f1e08f5d5881	天安门广场
07b474969c081cc57a023191eba461df	IC2
0bf0feaaca68dbfbbe4d64c4c1397718	MH370
bab0770e7a0c4a8ebb3e0cb6f17a5249	驻京
10bb72970f8ef3c8801898e342d47942	海军
766b3b74fb234c3963450dfef81d7e48	矿山
adb5f5cd12378d325fc2beb70dc889c5	采访
792f20a902cb2140056084e18037585f	失声痛哭
da52c7bf62d2b6f2383ec38362dac8dd	培育出
24fb8692947ae5f9bbfea159d0dcada5	保留
ab5cbe45a4512c19409460038b1cc17b	广东省
8e296a067a37563370ded05f5a3bf3ec	25
671b1d08434ca364c3de85db14f1220e	体改委
fb050d6c9bcc97ed6836bb9ab9b3da7f	微博
509b37f671e9c4748b1eb15aaf7fe613	护卫舰
26ca20b161c33362d88eb0ba0bc90751	来源
4bb20c41cf12f8eb7e042fd937cbf7cc	火车站
9ae522e5b8170fdcaf5264906b4f573c	两名
f6a6b487c739bb23c279da6f08de0015	全国政协
530aa998454a80ce4a50e899e0849e00	赌王
d6eb82c324cab2f36e345863fad95090	6.1
066a204d6e165369120c106c6093df2a	海岸
5fc6a6a505f1bd9e121bc1a9b06153e2	山西
e107e07a3be215fe5eed7305d4a95ddc	中文网
e1d30dd9f252d44fcd46f3e6e148070e	中心医院
1aa927dd301e9276721c8ec89f43911b	两人
12732599b27d598498e4b6a5d5634a27	该次
add711686a8e91c6638116b89eb5bfaf	培养
d7b1fd5ffb614478a0b80b45fc84c1e4	找到
d4c9af351a9aa805479c4c4bd5e2be3c	红圈
f624bdc94d6adcd96f0891fd53e44ffe	笃信
40a56784bea5952fe0869074381de844	微软
852c7b6d8358900facf560d8d9bc9c7e	内科
d02bdca0a6218d78a372c75d38beda95	恶搞
3e4b3cdc344b69490223fd84e039dd50	王攀
979c43a1fc2d3f7ad942c61033860d0d	作罢
2457513054904ecee1cf282304c39e32	周六
f033ab37c30201f73f142449d037028d	80
c13dceabcb143acd6c9298265d618a9f	中国
0742820fcbc3ad34705cd33df25788c3	Inmarsat
9f9d36327d96efaefe09f6bda9796531	手机
1ca23b084e026d3c13cda58c93276d81	村官
07d6cbe0b5f1ea1879990c0f8440943e	亚力
2b0f197ca242747422e6992c46a63686	央行
a7ad35acaea5046dd8a61010c6d30111	专业
009f225c074db119c70078d66248f0bc	游行
29eeb04d53afd13c6b7e3e41dbbfe1f1	越南
9c557202449df095780589c2e6e0fe50	Terra
e47a1af9e1bc826eee8f88fa9452c445	设于
461d8636e21468ab73bb26ffff070b39	金路
51ee36ed09f29697a51fc678c9649588	湖南
8797922788916874c39ee1524bbc3638	等待
813bf7a0f088c5e7ae428a9175c41e39	起航
808030f322f02408c3279e13ecbbaa60	庇护
a9c26890cc31678a9d834eb84b5c6a20	法无
ba0ba41be314dfce610b238ad10b5786	参谋
94ea01e809d486f2bce7a35149ee2a96	十大
0337ad5c13e86dbcf57a6f6030a5a1c2	史玉柱
4eb818e583c0832b094d15a265465a90	何超盈
f1c1592588411002af340cbaedd6fc33	777
3fa040860e35952a2c96f97016e7ed19	鼻出血
1fa2bf8c04ffcaf2a134736add6150c6	习近平
cece7904559f69d909edbfc3dda5416f	顾客
c8758b517083196f05ac29810b924aca	2011
d2de53e3366779e97dba75deb09e0cc7	发生
80173d0d2bfe8c149cb73d7340973082	很少
32c415820e61adbeb10c55ac4de26052	亿万富豪
b6bafd1cb5171e41e889186fa63870e3	乘务长
33a1df64cc939a5c99a2d59de9a9a9ef	日晚
e05e6f34004a25fe67f297c30605baa7	余额
883f18c97a9a84edc6d553bb0da5cc93	消失
08860524b901b9cc54ea9ab08b8b1567	ACARS
bff60100a48f054666baf68caadf1984	射阳
1c383cd30b7c298ab50293adfecb7b18	35
243dc73e8af1ec1b1463f57f1c91fd54	决定
9e8e0318425e24fa7b030887ca1faa79	鸡腿
4ec30eb6dcd24cd280b4e6be87789aa2	中纪委
68b177b91935bdcceea76bc4a6a24423	艾伦
ed5feb61211a910c9d94180100ca8983	置身
96ff585004af1afb382b57d30bfc05d0	之四
8640cb1581c2ae2de5a1462405b2943b	教育
20f4b07d16d93b61845c3668f48a334b	疑似
f3d7070a411495dc6fdd5f4e2865ed18	集团
ee37cf72ff079bc73454c1ccb3cea544	海底
f81165f13988c5c596239975a68bcdf4	学院
70872683ebe90e44dba0419432cc7f6c	逝者
5844fa2cd29dc94aa3bff89295f65d83	通讯卫星
33ae50ce661cd517dd9084fae2e58a92	起火燃烧
89521d15b242cb5b45c774977616cdc8	高铁
7eac3d4db8d7a5a3443c322ab4e33881	俄罗斯
5d659d04ac2bba8a2d97d654950b5808	救生艇
9c26b554e3d59871bc125bd580d03d75	交运
19032944a06ef68807ffee6bc1851933	G550
4978be2d34de1d88fc424925ba3c3a7d	行凶
25cac8a9158fd3099ec7899097df3150	坠毁
a27e2c26d80f432eeb4557d2fcb24617	近身
9d8193581a3daec74048ae2b96aee4b2	油迹
4610b41c2c831a64c8361b04142bf77c	去向
374ee82b6962ef9bfd40218cc186aaa5	公交
e2eb289cc37550406f297815e5fd3271	下午
1ee2d775556f384924aca3b59d33a3ba	街头
7035c62fb00576fed9b3a1f2b7d48e6c	账号
562142c8d5e0b3f4eb8804e9eef2f5f8	发生爆炸
7de33c6e5b9c5a184c9678e45a208c44	一架
e93028bdc1aacdfb3687181f2031765d	3000
f0cd3c6e0d27cd81ae75a7023126ecbd	安全部
10d35700c0bd9a8b18391114c59dcca3	肖迦一
0652742f993901ee207cded4371a7fe5	爆炸
64a2b83f276f1ae2aad671346688e62e	肖辉
770751c4c18f0e280b2c3463e0ba6982	伙伴
f7b895d12d8dcb56a0eb8e3f7832d9f7	中国富豪
ade1514d8bb5a5c32b5af87062add362	恐怖事件
585f7bd15256939d3e34e44c3a6b680e	救出
3f2aae6095cf224ae99217cdd345af93	电力
ed0aae143ce6899a32a9b9a13c4fc729	彭丽媛
8af611a01d08c8fa86abd86db86424aa	马路
eaaf95ff2300b84f90fb44073a8e9c27	信号
96a3be3cf272e017046d1b2674a52bd3	01
b6d767d2f8ed5d21a44b0e5886680cb9	22
170c3d845d6678fbb77acab3ab9cce95	廖琼琼琼儿
46cea94fdf66094160a261c698abf0fa	股份
f1981e4bd8a0d6d8462016d2fc6276b3	2009
8702964960a59c555408e778e7e76c77	位于
72fa7c88b797342c8d89035066661dc5	分析
be11fc04494a3d8e6eee1a47b28fa1b0	工资
4eb7370d38e8caa36144e3a44cd1d179	吴霞
d9fedaa504bd98aff42c4b60295d2798	公布
d5986cc72adcffca10d50f43deca61ef	周镇宏
40444576f5f4b0490362eafabea21476	江心
87837c251034a0b231733fd92793d5c8	华尔街日报
b72090fb48f7eaabfa14ff9294a53772	严密
699143b15a4fb272389722ad632724aa	技能
18db278bbde130be834342b8e24ff12f	RICK
a9826d3ff1090bb3b3b840472a26d6ae	纪委
ace478dac379e96acd8e04f21e0df76a	全民公决
6688f226e2a56e6e31ecb94be907390f	附近
a591ad57b8b0098fb15d7fce2163e098	遇难
41716f87c3755bab459a2cbc7219e60c	公司
625fb26b4b3340f7872b411f401e754c	取消
bd9caee65945989ed3a4acce50612a58	牌照
837171e359f9426daa06fed757b3aecf	商业
fa7501899f6a3a6aebf2572c8ef23fc2	位置图
5a23979fe118101342a0467f0534ca01	航空公司
c0c7c76d30bd3dcaefc96f40275bdc0a	50
0776edbd4146aaeac7c843dcf7ccab61	交通部
ebc88ce07fd7b0ed8ae4614c4f136dca	刺破
75168bc897debc50d626e824be9a550c	调查
c9c4557447dda1c2115985a5a853cf84	空姐
8816a2a0552c9e3d6d5f012d0d99e5e1	万梅华
ff1fda9e47f0d169236d022b56a884bf	禁止
7f6df00c4f16303927e34f6afe85b3ed	升值
709fee1e177c09cb41c6be40ab37ac7f	可疑
c303b01b9cc3d5d6ba48423d714d2fe1	镇九星村
e1b7cee794666669f55acead93513971	图像
dd253919e93102cb6142b137cacd0816	儿童
8aee8836a7cc3f00b33ffcaf084a404e	沙湖
3a2837e3f0fdc466a142b74b03701f56	公务舱
e4f52ebce3fb9bac13d5894f133e7ebb	通道
e36041062824f7a87063acdf51bf1710	船只
555d6702c950ecb729a966504af0a635	239
9ad9eb6b95bdc9e9884c75832149e961	第七
6f87b05ef9f693073a888501534da184	动乱
c6addac366e04914310f2490e48785b8	巴黎
f46d93ea862a38e4838aaa2fc8235571	总站
35f5aa9f95d3f47a1e001b56b69e471b	男子
9d4cf207a2dba52a06b32f68363f1c3a	烧纸
aaea0acfd9168864d4c8fa6e47b1beb9	印度洋
3b6fe43dd44fdf2159f40986d063473e	家属
c12666adf546ca666cf0a8c9fc95021a	转做
88f6f118479879a2da9f246b79a94604	召开
9cade34e9416b807155cd454aca41c76	去职
22ef3acb14d29f0b490b5e4dcf87a29a	长达
bf73153e463a393c360ffd966c1683d6	袁宝福
ab5dea29793d933fa7b5487a7309df6a	成员
9a71c915ed7962af5c4dac59abce0e77	最终
8eb66d0572d1f5d6c50a090b242ec093	开花结果
adf864d26b2aa851583a32f33915a97f	报道
19fcb9eb2594059036dfede5f4ec53e8	时间
fc954d25ec153a16f143e2762710503f	代理
ef8446f35513a8d6aa2308357a268a7e	2008
d507ecf573f255cbb965ac6db46bddd0	巡视组
4579e878b5e869abbc315f1bd3996fe3	汉龙
623b79e7c5878037c7e13b3f3b49f1c0	选购
1ac3a5836844f9e80a0a21016f9fc144	阿拉伯
54b1ee8edc35a8add9d5a5078aaa1e33	监察部
40f28bb52c3dfb708e154516961614f9	国务院
2eb3b11950b2e96fce0c4d1a53ba25f5	刘维
1abeddb764324be450004074396b417d	股东
aa31f4333b013c3cff2448a70bc7c8a7	妹夫
fc1a7d3c8e26ff5f497f20801521fe00	地点
d73d0c2b973263ccdecd6ad4006e9aab	地方
1363aaeee9b761f48eddc92903dfba62	一辆
44864bdaeb6925a8e6e281e09c4f04cf	各族人民
96669e9f07ce503cb728deef42c95b55	阮日
29ac88da7cba236cf91121264079d279	举行
61e0bce650346404b53976866d7c273b	高管
15383161e1d6fb9d42f259701578ec2c	存款
e2d4b737b45c84970fa42a70c200d654	倒闭
1deb0980e5cc444f2c9c0dbf08ef208a	参观
63a8d524b17d22370f59ab95e9ea1e6b	湛江
4eb9e52707eca3aa90a4b4358cc40951	月薪
8534f1d8ddccece84bb57e725b408500	CFP5
94520ed2b0aecf12a7f816f15da003c9	探访
2428ebeae76e0e6dab6cdff4c89f6a55	江苏
e4350819bac96414c7fe5196a5c09f61	指认
b62d330b5ae5395834f0f60a2eb45d97	女儿
69369a53f9f862207159b62e99bf2fca	跌入
44d320685dcd499fca3e619b2bb7bf85	拥有者
ad21a99a4ae1fb29ae1fa3a22578b51e	军机
5f7f47654c67d8b9cc019c3aa3349a96	国权
8117d8dfa625909424033e5f332e9659	各级
7ef605fc8dba5425d6965fbd4c8fbe1f	150
f3c8a1bdb08c8e5ad180c46318c5154d	韩亚
02e74f10e0327ad868d138f2b4fdd6f0	27
79b197abe7737ac96e50a12f09f58ed3	告诉
ea538b0c920d7656cc330092ffb11e11	林紫
0eb746f5fbe0879082fd967cf6a9384f	国都
19682b44b8aa15655cda36c99bc17f9d	打算
1977803150186fe4d2a3e226e2869497	腾讯
14bf5c897776f11648134a65c8365b77	成都
6c9882bbac1c7093bd25041881277658	250
62ebaad00104a44963a491f961d9fe82	武警
8038da89e49ac5eabb489cfc6cea9fc1	2013
320c9762dba4562d5e4067a03b6559f9	长跑
48f69d313d4b3cd75c4b09d7a22faadd	处置
55bab90500a2593b177657d67505a0fe	包中
e8fd6fb546bf61e862fcd7f20bde6cef	湾流
1b358bde009f92aa4e561b4f8e54876e	忻城县
7d1173762e511950b65244c7457ef113	联络
b7b80022c8105bd688c8e087eb0eb672	东方
3134616cd141ea6a437fadbe28f3becd	警卫队
9e4c7a646b779ae8b55e4ec970c783d6	之五
db9feb14593e4f009728a81cdafbc03d	飞两舱
d36343d98f32c9a3bb134bfa2d98ac48	国际航班
704421ce6c478fb8ae2c6dac960c9f19	井冈山
37693cfc748049e45d87b8c7d8b9aacd	23
dd90a02d02726c841d34d6fd4ae34d35	LaiSengSin
9165d95d75749a915cb658002ba605a9	风情
e13d9aa4904a6563abc9d99f2f708f22	富裕
e1c23e461217c98c7ac8f49d059394d1	山火
08ff8389a63c6d2210589058427faf6a	抵达
4466ff6189e790fef5f4d1d2d9c42c2b	英语课
9a33f4232415b97383e38dbe0e0cb94a	联数
041da43136a52205460590ca4e8d9023	中学
0f0d43ef288b36f9db52933f8d1bda95	晚归
0cfc6af1c116b7fa64e93345e6a4da42	高粱
08f90c1a417155361a5c4b8d297e0d78	2000
bb6c2c349c814ca5992e01d523b84020	暴恐
321a6d2b1d9ca5bbec75c7fb5b7c5a9e	下半夜
35242cff1266fd3610f124b0e5e76f9b	普通
858904c3e266f5640bfa88f16d2ed50a	CEO
d645920e395fedad7bbbed0eca3fe2e0	40
a8f4e63b3db304b5b5ced74f69b29a3a	绵阳
bfde964498b87f89b1ae44b047a1a2c7	希望
478bc9eab0c7f854ee724b26727e4c9e	管制
70e29afddc8a957b95abbfc00d4def71	民警
2eadfd38b680c4818561d8110c819d3e	沙漠
9aff62415394ae8a2c63bc821f03c4e6	监控
17310623cb5f7699cc2ff6ac19ede02f	热心人
0e6546452aa37b9592c1ffb863fd99dc	搜寻
8425f17177c998595bd42f40a5eda1e3	夫子庙
634186194f6faa8985114a4f69215cb6	地下通道
c8ace4e2839206e2816e0701dc8f2195	交通
5053e4d56d322fa0ebf7b062569129a1	小炒
2b309366daec59d9120490b2c9c89004	网点
7e1a4e57c66c1c4f60ade77f979b8060	两会
1af2bf85c702ded52dbe66142ab9f01f	罗荫国
8a8b895fcc504b75f45b6c8e4d15cc4d	系统
ef6e380cb85822670942c16d30910869	防暴
9b487624d272a7ce9d496e6c4ab8c7a1	马航
e6cadf564808bd87565736d5aa0af743	王丽莉
10818787e925a08c0bbb1220478d992c	未来
4e732ced3463d06de0ca9a15b6153677	26
63153df1cae27e9b8a0960ca6731a6aa	大战
ec99a1d40031519e058e30850fceae60	真相
2058d21b15dce3ad6a5b43384af74e3a	财新
47c0e2c04c6aed734fc13a0ea1ad98ec	百余名
c160af515dbd6e97c544ddb3cb702b08	出席
349fc1160666bad34c31756c3328f860	不管
a562ad9ac9f6e9ff63f675ab12aad9b4	高清
0c20fb1f839269046576a718fc8946d5	索非亚
4f696db6d2959b66c8c84d449334abce	酒精中毒
67a58a60ab30af8e4aeacbeec9f94312	刘小平
d8f5a94d32dc660750390cb5f4f58127	反对
551f1a6e7bf6517b88b893b7ee24f4ca	巨人
f65aee257cc5a4bc293dbdcbfa1cc7d2	中称
bda3fb373c8a2660126ed39ebad34663	农村
73782aabfe602dd2f4a996d94e98d05f	死者
be886eedea23b76ec0c6327886841a95	涌现出
45125a74bec16dc22aece307fc34daf8	苏宁
f61bd8d330a9ab97b4816ec9ca0da2c8	intheSouthChinaSea
e64d9b72e503a4497fdabf405e0f8bc3	救援
2a1fa1e3a2c66eaf9b2d9924354c2c61	两样
8ebfd8a025f00481463ca0467b08eddb	野鸭
7cc25a7d039e0be0cb76c3fd7d5e3468	来宾市
9b96e81e36dfd5e3db10da364de22623	价格昂贵
c288542c17a0a016b0b248299bd132ec	一女
3efffd5f35a6ca840796ed6d248a9035	一起
6888616654cabcf01c56cd0eb0e44b6a	搜救
79898d25cb24be8a2b3e556ad1afb5a9	小学
1e62211d66fa76e43e5da8eb94e47d83	参赌
32a099a85441dd0ab150a7c5561c49de	登机
301519e7cc3b41cc72da191186f81acb	行政
c51079fdcf41a744100e46f20402e252	少数民族
d4f06af80e60abeb5a99a7b88e683782	广场
61e991c49c19424a658ce2aa3764a892	搭乘
6112e8e1231c221e5f5c6530f97e5797	爆料
d4912425b44a70f08f7a696b2275e0ca	广东
26daac2e9287187b79be19bce333d43d	政协
f5deaa1716cb14804e33a9dd656af5a8	对比
2435a45b85628172c5a47122144a7c67	CNN
e0822393338652b27603740da941d13a	多所
253614bbac999b38b5b60cae531c4969	2012
8f55a5c898a5ace2ac06ff02ece7455a	济南
a080b2568767ca0df60efddb4486385d	救助
1235ea8893e90b8e0d74b6004fbbdb6c	复查
e0b7489726c1b941abaaa319d4427cd0	恋爱
ab3950ea8d1284cda62cdf72f50a7960	重申
b060c504ab8bb430fbbecd4846f7896d	近千
a61125c6f649fe2182ee69e8f78a6b86	地下
d3e1717f6aa406d23ebcc1c20a036759	用纸
0a8885c956518cbd818addca83cb06f4	准备金
ab87b3f7ebb74c092497f3d5a5463812	新房
ecff77a8d4263545654ce610eacf996b	使用
7700b2a3332cb79791821b29434132ce	航空
87f0ad37447a600aaf81ccffd99668ca	德阳市
38e805bb6ca79f751ee6770bd9211f58	仍高达
901d93e8d66be5c61969f07b4ae78f0a	股票
298cadb76414550d15da49a25eab950c	NTSB
d6d68e9f73a8ff0bf6f0d065b4fc1cb1	人行
07ba2b55f4841221738929af8ed37111	伤者
0ed0bc41e856ba01b5987b04f49dd44a	涂成
ad9efa2f14d42f7d14ef876725909e27	武汉
02d64f9826397e74e2595262a9231248	日及
6a4181483ce58cbc44a36bf1ad2dea50	人民币
db06c78d1e24cf708a14ce81c9b617ec	测试
0030dfafccdd19dd8e3f83f61a201651	发票
7f1d78c954500aec1961f2b306b202bd	村民
d0cca06e708b5e8f92ad98fd62f0b6d3	遭遇
702a451a9bc97ceb4ffb3c05ad9412f5	敞篷
304b25075b5d63258f27c2b73ddfa0d6	珍惜
a874ca8919201b8f4e7da060f898b100	农家
56850c4e2e9afebfb1d91a21627a6c43	警方
833ca3e6a6ef82654180c6ae859e1fc4	全面
52f085e71da458ff9d7a799546065b41	澳大利亚
7094b0e116afa56ef2b6a0c29b956587	司机
91de0156a7ee8d20b19de24ecd74d4cc	国企
ec3dde067bbb3b93c548eaf619f2dfa5	私人
16678800cfd0dbafee362ea4ba12edd3	飞机
7890ed48e34cdc44576e18bc5a1c4b1c	确实
4a1629c777f47123b31c63db96f379b2	军港
6267ab5a8a9912c72c8a3137edd19588	警示
80c1ef212e6c1ccf9dcbbfc50835c42f	哈里
d5ab8dc7ef67ca92e41d730982c5c602	9000
bf24e2953b0f44e4c6735d2901f5f2d4	签字
1ff3004ef29de158bc84513db9e5003a	茂县
70dc53ba54a63669b0c0739217f79488	伍家岭
e776a016e1395e070797c7752b38c1f0	挣钱
34173cb38f07f89ddbebc2ac9128303f	30
a7f22d15d9aae0c530ab84b6b1226f02	促使
78ff439e581db1885956349de94fc519	首席
595f60dcc4219fb2ba9fa06da8617824	烟火
87acf20ec7afa500d3e310b57ee94516	实业
8b1450a63c20adf477bdeb2d9b484924	贵阳市
1a033563434de7add964707f022e08d9	波音
4c5c2fce8c4e0c6696d83ea4d3223ebe	童星
aa8f3faa64ff47b0ce9a76682bde924c	香港
3721fb52919c46472570b00c3d271996	副总裁
e94e8bd35fc8144f38fd1ebc1f81ab36	上海
b4f5ed9f100a9c36a06c44a997e6fb5c	两栖
428a6b7c46d5bd037490074e0aefa0a3	残骸
2ca65f58e35d9ad45bf7f3ae5cfd08f1	760
56e49e9b38069fed2c1a44b99efeb44d	总书记
513807989c9754b4525f925220e8840c	机上
f23a04c4d7c4e4426debd7b1fcb51d8b	金库
70ca62c44e277a994cb79e394a6d1cad	麦当劳
4b83af2619f9539ca619681a9dc0cae7	人行道
f4469152b067e81711c9de93c57951ca	宏达
8dc09ebe97e0de817d74acab93088c0d	获取
c43dd56bcb9a4de6cb3c2b9cbd5f6c28	起火
9b10a919ddeb07e103dc05ff523afe38	6280
13104533ded379b9fdfa2143f95f0bd6	事故
f2d974633c9618feee237ec03b7165ae	警事
262c7737bd46ecc1027dba8fb2637d93	发布会
d93498ffa31f366d923db1a9d8a54844	之二
fedf41a611b48c008feb9072e3abd492	军舰
8634ba116e1df7850fc1fb15cf0c8f6e	已知
cee631121c2ec9232f3a2f028ad5c89b	500
9bce4520006eb5c94d2a90f070ab2ee6	一名
3e6011c822db7bf24e4382f62154a018	孕妇
e83a256e4f5bb4ff8b3d804b5473217a	确认
684af05ed36abff9b0b227d1b8651f00	令何家
8d2bd3a574c9671aa56d399d2a02872b	餐品
17cd0ea9620ac732a5d638d9b96bac67	用餐
fa3ddbe54cd2006b41b6fe19413dbae6	航班
a35fe7f7fe8217b4369a0af4244d1fca	5000
ebfa6a609c28e86fed27f6f27f6541a6	博施
48131b5eae0c4a51980dfd03e2eccaa4	机组人员
37c2601c4e25ad96eed46d2af9269e36	行政许可
18112fa9c57daba42740997622ee6a45	酒后
d95a8941ba88346fee0a1925f11b3fe0	巡逻
350457111e2c7f05adfa125f01788f53	千万元
cce970c4bb58302ea3fa09a6c3e197bd	温娜
20f90713ef004e8a56ff38fa56ad1df8	民航
1872008289c5e25292fe34cb024b7d9e	解密
6cda55f7b377830f32e546dda6515eb3	水电站
6bc170b19a04fff99a09214cd5490afe	圣诞老人
c74d97b01eae257e44aa9d5bade97baf	16
dc02c90dcc283763072041079ee4cca4	第二场
a20449e57de3d636a165e00872f6d9f1	收益率
05ec55f037391b53f4c537c33e0a24bb	青岛
2d711b09bd0db0ad240cc83b30dd8014	内容
0a50d8e5691fa16ba3e04cac26133352	旁边
10b2761db5a8e089049df39675abc550	事件
1966fab3dc70f81562c1950fca216675	下放
a5f23202584fb2caf2f77e0e373fda48	金牛
eeb8caf66dbde40ec482a00c9a25976b	高姐
8720737fc37a1b4dbd9d29be38322c70	着陆
f14b4f28c44e1be80050c75045adfa54	银行
e7c0908c7bcffc853312bc0651ca3950	现金
c524f367e2af385abb662ad5fe5693f1	政府
c59ccc0ac0415f3d8fe66039fa389a04	身价
a3142f928000eb790e009974d496579d	大人
4d64c54580f10e9d039ec389ed37b319	菲律宾
6522d524622c063983dd9eac4afb45a6	周氏
d4fac3b9819a0e214d58c0c3d7fc62ab	代表
f21c8c29c625cbf6575ba4f417db5f84	联合
27753bbeb05b4334204c5a44cba52e54	大宅
4f0b14f4e3919a18c8aecb28480f15b3	碎片
3cd291bab74c2525b41805bdfea134bd	之六
fa00798404665a956fd02a82c57dab58	铅锌矿
498bd05ebc689dfde8c4a3a59ace4a42	现场
80cdce8e2eb8f1269170922b58668ff4	两个
78f7222dc5863c26c058a1722319420d	路透社
1d9c15c5d2162ce48e816b504182e5be	新闻
c9d4daa1556ab57ac9fd3806fd970347	兴衰
baa81671b06cec362191b2d4fdd78435	BillGates
a0a080f42e6f13b3a2df133f073095dd	122
b799e2a6edd61de66aa57cd95e626722	第一夫人
8405063c8af1ec2e872da6e7da948185	赶来
81cc7a8b0dd2cc7cd5e5ad40f31f7d56	董事局
c20ad4d76fe97759aa27a0c99bff6710	12
250191a8cc25750516a9462ccc0ca80d	报道失实
953a3291e353dd1cb28943f6d943dbc4	赌场
f490fa2063e2e78b75291e4ab5bff7c9	后经
d54e002a5d1dad2d00bc195f58e8dc58	疏散
7c2824dd6125834293670f7eee45d048	鲍蕾
1289b54dab548ef894dc0a93709b5c20	窃取
8baf6aa1d76e762a2ac6869afa6247ff	直击
603dbbad03a605dbd2b97d0ce43159c1	言行
f8fbeae19402928ea0909596e2bf896f	上午
93946bd3b3e39288d1e57d8275cafc67	银行业
9dfd9bed662b92a34eac133f146d1eb2	贬值
fce9d858a5465e9825c06b4a916e8257	汉龙系
f9eebf6856cc8f57796b9fc1184d1afc	单子
3874809aae2918cd42cf94465d0c28a2	瓦斯
30f7dd4ecdfa89a22c47ed6a743a7037	连接
aefcbfca08c840aeb8bd72dc1c8ff7f9	生活
90c24acf95c9b0fcd51cef350ba4907e	院校
93bae42ff4187db75a096233b91e6920	雷达
e9def38117e1653f3e01157057c5c61b	去向不明
dd76a1004192962a24a2c191bb88e806	得出
1b244bf9e956d922c771c01497a2d469	增值税
ca427b28a831ff941183dbea49bba41f	其乐融融
f1de53dac5f9590f3fca79e7e2986772	兴鼎
72ca234727ef0b77db12906d221020b9	美方
0fa79175e1631a30778a2f59584ce8df	现代
404ce0892b7e20a7bb6c2140c7ad40d3	泥码
b33b8c01750c97612dc0a94e198d80e1	全家
84834daf7daa761801a47735ea0f529e	锌锭
587f218f6cd84ee5068669e374e29fa9	前头
71312988c85dc845087004ee4c5f3009	104.6
bd46c0e1c07556ec46fc1f2a6f26b4f2	引渡
7a716be8c007df45e02b8c5ba7006e15	福布斯
3c59dc048e8850243be8079a5c74d079	21
9be9f21caff78ea58a029e8665ae71b0	袁宝森
a89d83c9dd2e9a148654e4ac2fa03758	民用
98c7242894844ecd6ec94af67ac8247d	1968
9bf31c7ff062936a96d3c8bd1f8f2ff3	15
4515d2655a312f6abf6c2ea1f2ae00c1	老宅
d3d9446802a44259755d38e6d163e820	10
20def7942674282277c3714ed7ea6ce0	图片
170dbd62371a82a6c65e6e8f9bfe6ae2	降落
8b21b729e42f4d3214ee7cf52bb48447	赌债
359a45b8a0e3c228f43b6d06d905625b	俄方
98f13708210194c475687be6106a3b84	20
c7814cb2c33c876573eaeabfa3bf63ef	期货
f68ebcfe9cffabae73287cfa04af5d83	糊塌子
f67957c43e1569cc51895a79b120e602	舷窗
1e1459eeed6da94506631a690c7efeab	部门
741bab25c3b284953242c38764ed7823	防控
adf1026f622a57609365f3a511af257f	以马航
08d01d5627dc6aeaa4bf5b6ad583f57c	委员会
2909590a24156b29fe1d3a117a9dc21b	陆毅
2af719594eafd89d04221f2cbe815477	山东
2e169922657b72d2d8f5c0217bef1932	人才
0897e758083996c4e6528abb56274d14	知情
f28c2110da14255f35a89ff470658bf6	闵行区
4d775d4cd79e2ed6a2fc66fd1e7139c8	显示
b00c0d7ddebcd520cb3f35fa0bad7b61	再升
148c9bcccddfa029faf49d7c3e2e16ac	家家户户
6512bd43d9caa6e02c990b0a82652dca	11
fb786ac7ca2a19c568c9f0e3c2640ada	摩托
202cf12dfc07cea78b81beeb949f3efc	摧毁
239e76f147d21580a4b90adb72aef67c	画面
447b8d770134910eb63ad9c7cc8c5764	IC3
f993f80660123b80c8349d57b041765b	高校
1e6b54734264a64d9583237eda6dbc80	防身
bc99d6864109399dbaf5ded191e6a6c9	黄岛
7cdba8c3f306d273230f182a29bd72be	官场
8fe88bd9d340224b9f060d172c9db523	三口
449c801b39fac9689a6eaf953619d190	名村
bcffa06b3510ad169930ab7eb1158226	得知
25e0663dc7fff7eb0caab95808d4d746	图为
6d7c1afb07923a840d8135421da7f58a	医生
a850320796f26e375375e133195beb86	美国有线电视新闻网
15878064b31f397984258f90b193c654	政商
816f73134325b182cd3e745cc1c07663	寻找
ed82d8b7c203b14a96f1d42afa1b70a9	肇事车
c1b0c5fbe6fd194d5ac5727b565c1bd7	副厅长
0566d2cf90d1d8ac0e9efff4dd8bd52d	刘汉
b9b5b84abbcd1886202bcbbad340ae47	受伤
74f7c68dae8f63f75f98b1dc8424db7e	护照
cedfa59009da3ada4d7ffae17f3afe19	奥巴马
363edc7bacea3c700a910c40a620f82f	凉菜
de71402a12a2aee220c8f625bab43f3f	来自
4ad9b0a29fda44357edfa515759d85a1	练武
9463994755488a4835e3d41c389bc723	超越
cab7c449a98de789918271522d03965b	宣布
269d2218f13c7966d444ae3db46aaacc	头七
d7d3b3a5c6cb5ce94b13e268dd387516	房地产
0f0789ec8175e891961f7e0f41f84b16	财经
d490d7b4576290fa60eb31b5fc917ad1	600
339c7e0048ac7fcadafd530b0ee9493f	卫星
d12e77c56a4d956cd597f2de7422b8b2	标志
6c335b604e58f5794f0b70039ef64b2a	情况
7efc7fc3176372d6215547a1480380df	胡润
7258fe9f89307511814e2dd0de4adf21	终结
9219ee82f854ea7cdeb5a7a41dc21306	海域
cbc569d8f7d4693128c40e085b379c7c	恐袭
0969dd7f365df9733c8eb3562b7a4abf	张欣宇
776ee03879b9ec0bc8d32cb66611047e	IC6
539fd53b59e3bb12d203f45a912eeaf2	237
75b160818f574078dfe6e56c8b638ec0	请求
e160a832cf68e9130634bb2f41ff681a	警察
ceb29c6dfebc3e3f84e8276e21c7a89c	融资
70ceb33a9bfdd592eaf4f2165ac12bfa	经济
49afe82820254c0d9717599a742f8587	扣肉
6cd4050c15d570c7898438f29bffa9b0	国防部
2de0d491d05c1312f60c2aa19d1bca0a	小时
e297b4a1b89c0c5e286798b25711d202	失联
b6a09844f8dccce3e063d128bfb70e18	公开
eaa4df1a76c88426ee89d2aede2f12f1	经济界
9a018b21ab114a51dd7b5979198a941b	工作
56563edf23b9d717dc63981b8836fc60	加密
bc1b57ef28d9772fe490d3dd0697fcfa	救心丸
1db75f373b043522bb87bc92f1b8017a	三种
552cacb8043adc182c107be1712b7a79	市场
bf6fe2acbfe23d1aa61a8158d6312537	肖像画
29802241615a28bb9d088f1b3b23dd84	担担面
297403dbfcb6bcb378593068932226e9	速效
05b25c404d89ee0a37bd38aa219d053b	突袭
0f913544285da88fbaef5cd6e76525cb	害死
84a553d60a93e52dd12d9153209ea710	官员
bac1acb61a1ae97c9dfadf510ffacd99	大团结
3075869d8eb051c3ae826c4f04f06933	五小时
b0378fc7cd3505b967478ebd5cc23a38	广汉市
eb8844ad988d1385b58915c6beb23ec2	局长
692e92669c0ca340eff4fdcef32896ee	北京
23a760a2202d21077d1ba748da032378	朔州市
3fe614313fdad08550e646b8a2fb5afa	人身安全
2e314eec8ed61170ff46d2b392a11046	MODIS
98a920c824daa7f4219571a6ca327ae8	央视
e673449dfdd0ccc339cae9a29aab3539	合作
9601d933a76dfc5f26f85b020ac2d31c	舰船
acdd4037af83c9375cf83254cd5a1932	多地
fc3ef61919ebc5f496357e1dbacbdd10	方平
82b6d78b56fc367bfeb19f08e409f2fd	王苡
595a39b0494e428e87ce619531013e1d	丽都
6e88c3798d6e33aa990fd0627a032b33	英国伦敦
6c3e226b4d4795d518ab341b0824ec29	NULL
34f72f0f970ad0b9b051c4f825621f46	辽阳
ff6d8fe81551d8fb1282592b6162d69e	茂名
1991eea98922c86ef053f20e3222d474	警种
ae0d2f4fbff94b44472ab14b441c155a	失踪
1d4e1390737436be2713c097e8cf5f96	委员
9fd882a1803f9b36ca770acc264af6d6	煤矿
02e1773658bd234f4c506f9d0245cf83	设在
d1d8c4b1edaa3afc3b314430e1decf06	值班
67b5920eb1b0f4dc9162912278738b32	浓郁
594e53e53573c069dc6d59c9dd33ed78	重新考虑
5110a0d19734c54620eb09af16a320bb	资产
b6bd56e6ef22833885effa4ad18876c2	全国
499af479e505663ef197caf2afb2b942	失去
a6bb21be9f9d23461f51b80322fcd118	英国
d166bb06992f78f5f793a771c52b2de8	总部
5f645adbfdf29fb02611f899490fa4c0	斗法
a108f6d5583930306c75479866a5cb15	遣返
81ff4ee4f5655f39008866c2f6d4bdbb	走廊
3f6d0e1e31c1967ef07d646ad615baa1	马来西亚
4771e94384a93fc8e4bb0c3b9ddb807c	吊顶
33e75ff09dd601bbe69f351039152189	28
6dfffe72de0c865f611c1156ac999f29	广西
60f89aac693c7b35bdf3e3a340146196	金融
de794911b8a6e3ebf6dc4f5f6796f5a7	抵京
6f869cb4b2b912fae08ab62192e2ed2e	发出信号
9d17d92e504ac72c6a7040ff1ce7e7ff	喀麦隆
4022b349b4e92d894524156b8c20b4da	俄罗斯联邦
01c06e0c0e95470abe1ad5dbe9f00137	贩毒
5848d77a96c4cf42fbc86cb47d1a2a77	赌码
f0ad4fd3f8c0a09e0cd9715e63b92eb2	造价
cb0cb25e90cd07e94ed5f2edc779c624	公安局
ec42ea504c6e0c411dcb1108cf53b710	首都机场
9d03c3aeaec6befaae35d55224ec6b5e	米歇尔
78fa3cd049500a29e26d9b7e4289b068	新华社
e5460fe75cff34790ffada0b3cd36cf8	职别
c6f7eaac4982157f3b542845ebf56788	文园
2bd84df57457b8536d8945b1bffacaf5	深夜
8e9590399ec6c867f5c617a94a3f6404	富人
57846ffb8175e193608431e8a70f0aeb	风险
438d38ea615d7ddf0f48858e005eca60	点半
6ec46ff17e12f3b29ea96be17729d46f	腐败
422cbbec7baf7dd72ba43f11fdeefd88	6.1140
5e51b054740bc78fc66af4b341e002b6	朝鲜
0fd8963fae14742f90d10ed6ceb37a8a	据鲁昕
c85920ddca0f0af48761a3f404625e40	吴恩福
ee54a92bdcd82210e88da63efd04e97a	哀悼
b1dae9bc5cabbc13e4bee21af11cdb8d	管理员
d3ce40d862f1c7e4748e6c28ffb0a007	区域
ce00d34988c2ffb4361605aa5bb75e1a	核实
dab30bd7565d0f9b496ecf95bbd00162	砖块
e643c7197ae31ac361e1fb8c914cc4b9	升级
538c5824ff3f7dc0d30a09a23576ee18	初步
0dd5779434921f14925a4d22eb3181f8	大饭店
9e8ec490b52538bf487727e0103b7764	黄婉
012853632b9d3ffff8ea917e04436394	黄汲清
71f9bba38ed3a5cc5e025fa82192b04b	纪念碑
2685c0a029761532fc8ebeccc4e39413	交易
9f65542c86af7184ed6ecd3043c0d790	Cubed
860a6ded2d2d5fed5137f172436ca6ce	饭店
aef5b45396d8ae03a9db381c314be67e	投资
f5c3795be5b0ccc12c86b5b0069eb945	官方
c6e7825f5beac1e8a569f1294124d29f	失手
a4830cc964a3a221a6b19e644d588d32	反击
1ad165d733db659ddbecd3070aa51cba	患病
323f75d9fb5c65e60f214cda907395c5	港币
6a9bbb8abdb2273ec078bcbc609c706d	乌克兰
ea740fdc4953985bfba6dbdad620ae64	自助餐
2082e296dd541718a1536b083899beef	汉利宏
aacca4185c03d8a513e812c11cc6eead	有限公司
7e408bb0ac42b1c4f3fd909cf0522483	长安街
8818d4830dac5e2ade9f9587fc9ba1a4	最新
0ae545752ac2977e267d911e70197b4e	唐山
cb0b62c1448b87e8f215d0641a6fbd6d	暗黑
ec92673148ae4178b007d390beba1a62	抢救
889c16818b62412fad666d9a5401d73b	国际海事卫星组织
fe3b7959665ad67784a5953a9a299d54	观测
37a6bd6dcaae403c942de35c415768b2	安保
d3bc58b6199653859d2d5ed3c92cb3dd	汇率
51fbcf0d005f84224d4d35243c28ff47	两枪
45a13917f655aac37dec6465352144c5	收治
762c965bd8ea45a5ef49ba2ac0876a8f	人士
adf3020ac08a3722ab5f3b3551d66d3e	乘务员
d26c2b24f383307170e07929b09b3774	已经
9272047126c1d553f53ac75f1b585e54	驾驶
3700aed2d7b45c8a91dad4eaf06791b8	肖永红
ef7f9f824c3336aa37b11f239d74bc91	贵阳
e7c3012c3b87111801b5541bd1baea6c	正在
ff692f04ace012504bc529e0a75f2bb4	消息
882aa81363c68793feb3275273108cd5	旅客
eafa47e33fef9fd33884d8b17e0f0e7a	登陆舰
e28fd88450c9adaf96b4652b73820941	漂浮
2e90ebdfa54b786339c44d38f92cce10	兰州
24e4b462b0aed8593d8ff170a6287257	七宝
a3be248b33e99065e23ca7d909fa509e	为准
4387a08f3c134bb0921cee64587a12bb	民族
84e7c157927f32a13b3d6b65e4244730	审改
477d93b399f0a2416a2d7cb473c5a641	鱼酱
7269de52dfcca3faa2c4aca4342a84cb	纽约时报
902fbdd2b1df0c4f70b4a5d23525e932	ABC
2c4eae01135639b18c3553b4c1b23258	范荣彰
d917638cf16ff67e41d0502c9ca548e1	祭奠
ab4a85fc2ec4cf830e0f84aaacefcb1c	我们
efd626aac0d72942abd9b23cdf55bbdc	不明
6132bbb9e6fa48fada2a21fc7b3fc130	见面
e45aa83e87bf255b8e429165fee138b9	苏楠
26922a58b3ef0c2fd3068b2f05fd6a8c	收到
968c68526922ffbdb5c05272c4bef792	红黑路
d735b5f0a0a6d25c2328e8218a2ddb13	越方
dee5e6a7bb0a80d5334f1ceabee2e533	公民
8d9a495b7d8695ee17119d62c23a0fdb	清单
8f8efc8118ed7f3fc94661c1c6022b6a	边检站
e3efaf32227db2bd657245ca89b0353e	所持
81db48eca9cca5f7c10eae8daeab2da0	周滨
70efdf2ec9b086079795c442636b55fb	17
4e0f92af7001e92efba1dcd05ed37118	平仓
429d52257adf076c36fab62ef38362eb	保加利亚
0fb330139f26d5129e196ea4b2008543	市区
5e700369d5c9dda07302d817aa2bcf91	比尔
6680fb29c8a985b1433b0790ff0fe824	金哥
fa8b87bb34e412a01006264e7421c56c	砍伤
7725d9e9bb371d634d6acf116a97fc57	炸药
1efc978309b2a7a32b3c8db1bcc5cf58	美国
e30c89e7136294a4361bd94013aa7b0f	救治
87610e0d829a62984a43acee7b9bc3f3	CFP1
b0daba9b723ac8d8cba8b9aca05e97fe	购于
8549e3ac044b5fbac66d2fca90f27b13	钢贸
d709f38ef758b5066ef31b18039b8ce5	370
939f0a09814c362ee2868c1125e7da62	中部
6a453be43beff300203616514fbaa50a	均衡点
ac571ed0f5f0594a39f4f0e1a00b3f3d	乳化
a5cd4ea1820d5c17c35e86885b1ef10d	报告
72bd4f874b230d83b99f0924ed07541d	格斗
7249950241f3464d4ad44727e17ea8bb	遇难者
6660cb522128a97fbdc3ae8882020965	分许
998b46ce522f768bd9c3217a949d8612	拍摄
9fb66e93bc41e72292f88be054a51ad1	机场
47e43dea7e761c7abb21d9a2282b8082	南沙
465987875c74725f6efb11dee157138c	油污
ad1b27af5811828276b9427d71bb1dfb	豪赌
e4738b30154869deba1e08b8c6b70a1b	资金
6eaa2669d580384eb8b4932341743c9f	防水
15ca3c381f0db004e6554941fe5bb1bb	冷水江
3eba5f9aa61b6fe8e7573541e13dbbc8	擒拿
92173fdb483f03a23abf7244c9c17a87	生命危险
1c7fc5aa309ab33a239bcbe84bff9863	司法厅
49078a4bd9d7f6e0dd0f0d659f4c4404	监管
0cb358f10ea09ef48e76ca5412a8148b	互殴
2d18ad9f05a35a0379a70be35ec56cbc	袁宝琦
aab3238922bcc25a6f606eb525ffdc56	14
ad7915b2aa907585375dd2b9f301b55c	工作人员
8baee572bc30c54fdaa24a56443bf056	沈伯
0fb02b5513d22a88382cbf3c212fbd12	技能型
515a32b9f3bc45774804b8194a5f360f	专用发票
74c1165277a4a0a84f50fd907cdced0a	两次
342c76001c872c9248bca6a4019ac229	当地
57bd937c3eb577e6de7c12822846a59e	打死
686d30cd4007fdd783c9b1f2792644eb	路口
69f0c16f34c2a6a31b4cef75f1cc12e6	税务总局
f5ea834552d4f34837ea2ee90f4152f0	业内人士
1c7de0bc18a15f16ac2f4f4adf2b050f	控制室
c8b87810d39abab4f820e793ce1b16c4	兄弟
775a352083b9b4fb7fed97b09a52053d	物体
a40f35541cedf24d2e4fd2a0f9053c0a	申请
18246a6be53aa6703db24aca076ee979	澳门
8a2b56e293ee788f1057ad236e06559e	计算机
deb1fb579a81c285c486f1a207f98440	美国宇航局
45513ca6339aae9e2d055d6d62515c25	合成图
1059c83799ad1287c415ca53756f2686	希沙姆丁
e37df9eb18c05c6742bf68bd994bf856	亿元
c3b0de79c0f7ac94ead107fcc7e83b7e	诞下
131f6f6b61511041d7df2b3b0f034f19	曝光
d0b493786e6b4a9e3b0c10e409ed974b	九星村
1e9ba984e82a1dda96ec8038ef67a2a0	车间
667ed062aef532571c2f3823b9c46ff2	超人
2c6d93abd65b8fe4ca29b3c392c0b3c4	网友
fa5747bd9c46a5f7f06feb3be915240d	派出所
8656fa0e5d2a098c658d173e9bd18f9b	三点
6a3cd7e0bbbf54a8b78d1fc242da9676	时政
4bf02e1f810495b74c2a363424b8c8d3	PaulAllen
100632b87be3658ffacf85b1466243ec	数十
ea5a486c712a91e48443cd802642223d	2006
0af306ddd2d1d348946c2762f9391bc5	五矿
32a3196a4e19c14e4d202b96906364ae	漂浮物
7e7067ce0daa1be2cf6372286fa928ad	儿童医院
a69e2a3467f6f28f4e97d4876658fe48	开滦
f52d66401c6c29ea596f4f1d5c57893f	肉菜
78e697878f48a101560e7578c26dcf3c	总理
cbef4799adaa578943dd74a91b27d9ee	豪宅
44f7a0f4670d341abfe68e292a2c392b	钼矿
f070581a21ce33b06cb248887d42911c	国有资产
c3fa326f55e382857a924041f0d4733a	电站
65abe1fd3515d61ded0f350416aad46a	贷款
7008f9c6db38156366163aebba36c107	签证
a3ba539afceb9ecf820537bffc829cd0	中电投
3ff3c3e26a68112c11c3e80f2a26896e	开发
357ad5090c396391978b946d9727a68c	IC1
f32c7bf98ee2544e4d77e3800018f0c2	桂冠
375060c34496e85d0a621057c383a299	嫌疑人
906f9ec32f4c9a5c1e6c73d32e16b3ff	记者
819360b92683ee15363f039a3ee42c26	刘勇
290d00e57006f3f10315cca5b0ce8ead	工人
2cc946b2082356af685374e621138f9a	下称
5ecd523e6f9c52a8a32f5d8e59009680	分组讨论
4aab0d48e49f5591460d8ecc42ed59f7	义工
54bbba803f13eaab0f5441d97b13247a	结论
68bccbcb70f96f92d85d7cac3aee0cf9	免交
cc6b473b7ea2f23546d0361573b98b30	无锡
ba2bacf4147bb21cfcff54c027603b27	百富榜
719597bbdf89fca2c2921aec3c10c2f4	今后
779b75403757027d1fd5a9c5fb065637	井口
820411b5683911af4f10c7642a97063b	专升本
83c7b87a317344f9770c78f93ac5d7ec	失事
8890e7c4619d8c4d1ef750982d1d9a6d	刘氏
7cf880329394b1a89e98849cde51500e	虚开
6b357589b12f6141fc48c4b0375ef2f9	长沙
d6916f9cd76db9557d849d1577e8c94e	公安厅
416b57fbedf1b231496d9d4275f7d114	患者
61a3ec6656837d917b6f69525a262eec	介绍
175130c256674f63adcbd93c9fb48453	重估
c633a3334c6e85b97dadc492aa465bf2	预期
185c29cc5696da4230612a5b53a6b370	千万富翁
f7ffa91e3a92e91afaa36133d37b7db0	建设
05f0ea785acb61d5f15b50367a66b99f	有色
d38a089ebab5a296c5c04b2b5e15bb36	联系
95bc468f27bfa77641882624e157abb0	浮油
e2318a7de8c5aebba00b1d6377e31658	深圳华强
04fc44db998873e91a33c25c5bfb76aa	据称
71c997d56d47a175e4711cb764db3919	内部
3594f7fec865420afde60ba272902bf8	贵州省
3a17b7352e715d90e4d3ca3b77a29ab0	分钟
93e1247b39b4082c7b7c7fc68521039f	连超
576c233b1b14a8b66db95fefe5188b6f	劳务输出
dd44a871f39685cd048fa8d5852dfe10	称羡
4a73195467238bb7a0df60f5b0a300aa	排行榜
430d2282b3675f5ef7ae966c93706ef1	公务机
010fb7e175c577ea3062b87d566c8f57	千亿
3662686dc4217192093e6279299da736	拥有
872928a39aa09064ef78447ce7a691af	动车
3249eeab4351dbf75fe8b333070a2cbf	绵阳市
6c39841deb396914e5013c64da7fc869	李辙
d9a4222231c219c62ef9eff1ad7414ea	往年
ca798fc3226de8c5410fc3b3f6794fe2	何家
424a2ad8f7aea9d0c2573b1d60d3a65b	准备
eeb75d1b5a072b763f23ae72963c8fc3	吉隆坡
2a7357fe659f0a83157420b1e287ec42	出身
d8c7e04c8e2be23dd3b81a31db6e04f1	信息
c51ce410c124a10e0db5e4b97fc2af39	13
2e4f256be4d7124a7d837d495209fff7	殴打
d0fb963ff976f9c37fc81fe03c21ea7b	2001
59719f671d5dc377313a36ae10d06791	接机
9cc9654436169596f84126df24918727	苏浩
74b239cf65307bbe5a21f512d8a8e07b	透露
76a03c1b958010fd028041b7bda34db3	pings
fc4d75f6cb1a4e14ec2cd2b57dffc53c	发现
dc568da181c30d470af77d7601dba9f5	视点
135fba904a3ee9112ac1828cf57d7700	梁冬梅
6c2fb35be53197dc954816d12d2bcf13	收入
e0409b40276763d1d040dc890c24508f	代表团
571d5beafa374ef3ef56e04d5ccbb4c7	珠峰
ea24f6d127d58c0e56ff1314495e574d	普通舱
a6c21980c00e658077f42ce00869d4ad	收购
dc81fd45878925bf60649a0f0c403769	执行官
f602cc2775489ba9bc5fa24d02f1f863	三通
5a974270b89fad0c1b865f42e020483d	JloveHo
b41b7df25a025ee64d5c0ea0662a57c8	慈济
0dc09f4ccf77a989fc00458809ecbf0d	政治局面
b27f597c46675068bb1b0cef0ebd7d66	母亲
f18105751668a3aaa78890869432da17	近东
7ee9d48b670cc09ac30e1bbc5264d8e5	或门
5182d99ba9856ae704a993290d647e32	财新网
1e5967829636f6741ceed6c558629ab6	刘丽娟
2d77c0ceab36befa50d434c986cb17d5	荒漠
0da4c9ce7bb59c7baba7ab002af0d770	形成
a95dd3e179418be1ecd2a719a22db70e	技术
e12faba56c0e8e029a3057376ba760dc	大卫
dce4d8e91da7123bed4d9bf634e06ddb	审议
70b46ee9e8ad6e8d06302fe762b3efe5	公交车
9ffc70369e3289e1616154d81baf8397	电力公司
cf6f0c3f597d0145bbd49c3385e4a0d6	头顿
1cdd7c5fd81770f2d6babcc519ecea23	揭秘
640eb5069b38900c0864493cfbda4a6e	盐城
a779b01af1186d4423193b0d9497a455	开福区
104ec0d7e63ff228002b3c5b256aab67	媒体
03dce09a53a8ff42f312f193f795442b	CFP2
1c097b12de69ce382994b1637bfe7d0e	妹妹
e6e12fdfc99d03b27cc0deafc55ba11a	泡沫
0d7d965dc03441cd68b319ff887cad73	予以
83c61f2aef7b54671db5e4e99cc03bd7	慰问
1f0e3dad99908345f7439f8ffabdffc4	19
f0cc120ba731926df302dfc7b5a31bae	助手
1ba49316178abd791633abdd35942063	客机
077520d1a9186ad8883cda4e7c0ca2c6	劳务工
