100643328	专业:0.442368961241|乘务:0.893884520779|招录:3.45810570913|23:0.853911964493|王锋:0.992905546571|举行:0.393503405966|高铁:0.688428412495|山东:0.418772244091|东方:0.428178486541|学院:0.464771382991|交通:0.424660897361|测试:0.510517123813|IC2:0.853911964493|高姐:3.98492250097|动车:0.778924669886|济南:3.18063718836|	2014年02月26日11:02
100648706	航空:0.25863319107|当地:0.23448662524|中午:0.279877215776|航班:0.34490251971|两名:0.295855579138|机场:0.281979708979|降落:0.346357225477|波音:3.3930374974|旧金山:0.356682841211|飞机:1.98646069369|事故:2.37586575877|遇难:0.364195484255|一架:0.3083326065|2013:0.478190700116|777:0.478190700116|起火:0.347647659965|坠毁:0.396467744216|受伤:0.290067724078|公民:0.277917960294|10:0.478190700116|韩亚:0.528301218856|数十:0.328412727906|	2014年03月08日19:38
100634859	11:1.08679704572|26:1.08679704572|生活:1.54462081102|商店:0.725616708882|新开业:1.07465782821|衣物:0.791610981917|选购:0.82847144629|朝鲜:2.79467883965|未来:0.426421575001|顾客:0.704746305096|2012:1.08679704572|富人:2.77744438274|平壤:0.853619831405|	NULL
100651397	失联:0.10901003802|搜救:0.063826627783|登机:0.063826627783|马来西亚:1.53932804963|手记:1.66814289232|报道失实:0.0802889390359|飞机:0.10868174008|马来:0.0528008625798|乘客:0.0727822230793|吉隆坡:0.0970448125897|日子:0.987977811308|找到:0.068834192343|MH370:0.0726733586802|否认:0.0916431556041|残骸:0.0553993064388|接受:0.0635168505168|13:0.0726733586802|媒体:0.0912594114725|真相:1.41786009092|官方:0.106927505684|山火:0.0718616176918|失踪:1.36339431256|家属:0.0934476541465|	2014年03月14日10:44
100643974	工资:1.06449473402|解密:1.68233586037|家庭:0.962655771932|富裕:1.30770638429|贷款:0.945594902938|NULL:11.9547675029|	NULL
100642311	汉龙:0.099347098362|刘汉:2.09104669673|下称:0.066231398908|调查:0.091160990941|内幕:0.99408033285|有限公司:0.086321732226|摩托:0.104798076404|之三:1.27037600421|兴衰:1.29179904812|集团:0.368620638965|股东:0.0894496244742|2013:0.066231398908|所持:0.0622342885119|股票:0.0659727230681|珠峰:0.153288979334|三通:0.0830082103591|国有资产:0.0649733413429|德阳市:0.182996773863|金路:2.2560070253|2002:0.099347098362|2000:0.066231398908|2001:0.099347098362|	2014年02月24日14:44
100646153	无锡:1.16087515806|农村:0.289938296302|周家:1.5097818774|前头:0.398442293488|每户:0.445589660462|村民:0.346950097703|笃信:1.40574780592|财经:0.264365069229|打算:0.295191680444|新房:0.388920779766|签字:0.388308307688|原本:0.325195442274|周氏:1.5989467787|图片:0.303547558982|老宅:1.44521257401|最终:0.254132939646|建设:0.233927682428|腾讯:0.433174124154|反对:0.266875263778|农家:0.42696208185|10:0.569274642995|周玲英:0.569274642995|家家户户:0.446613765473|作罢:0.438104632675|来源:0.248888174597|	2014年03月04日08:03
100642309	刘汉:2.715621094|生意:0.0626056668517|调查:0.0976531683374|袁宝福:0.0709481750914|兴衰:1.6826605842|之二:1.61850381833|平仓:0.0535636814764|期货:0.087472467468|高粱:0.119201922775|刘维:0.0709481750914|袁宝琦:0.106422262637|两枪:0.0619284376807|辽阳:0.080413737699|汪兴:0.177370437728|成都:0.0593585565205|司机:0.0605988696686|斗法:1.83505098235|肖永红:0.0709481750914|袁宝:2.52457256367|单子:0.055857811764|2000:0.0709481750914|袁宝森:0.0709481750914|	2014年02月24日14:41
100648717	150:0.278017848905|失联:2.27047909939|马来西亚:0.562328092647|航班:0.200524720762|239:0.278017848905|飞往:0.211550153657|搭乘:0.226192799583|国防部:0.192989740258|机上:0.207533579292|乘客:0.185622879016|军方:0.198590360146|舰船:0.192396663681|吉隆坡:0.247501886372|IC1:0.278017848905|多名:0.18324777448|777:0.278017848905|寻找:1.00668447774|MH370:0.278017848905|波音:0.211360309223|航空公司:0.360967120919|客机:1.92241536867|菲律宾:1.30653678884|马航:1.99246125048|	2014年03月08日20:10
100648728	国际:0.344093215462|失联:2.41394343809|乘客:1.61170634377|马来西亚:1.62750726814|东方:0.461115293198|纳吉布:0.919597500223|吉隆坡:0.818660085692|机场:0.542268671114|家属:0.591236119504|IC2:0.919597500223|慰问:1.79110609944|客机:1.82091721459|总理:0.502974392363|	2014年03月08日21:34
100645485	巡逻:0.289887588202|图为:0.3319824095|联合:0.201778446689|安保:1.96532606511|暴力:0.287651388461|3.01:0.426955982246|严密:0.271952841338|防控:0.30071566888|火车站:3.62546998777|升级:0.240708276618|戒备:0.334574219958|监控:0.265630292681|秩序:0.261928757935|加强:1.27580992385|恐怖事件:0.438972847839|IC1:0.426955982246|东方:0.214089243271|多地:0.426955982246|警种:0.457216620118|昆明:1.79881935504|恐袭:1.99246125048|	2014年03月03日07:56
100648984	发现:0.330041348136|搜救:0.198103401326|民航局:1.47387981621|发布会:1.07631531489|马来西亚:1.15143371351|80:0.225561650998|可疑:0.165711015841|点半:0.225561650998|或门:0.225561650998|军方:0.322240961746|谣言:1.14978216746|搜寻:0.165598371181|土珠岛:0.225561650998|部称:0.225561650998|图为:0.175386933321|华尔街日报:0.174110355047|残骸:0.171946903947|越南:0.557543210646|部件:0.14659341816|疑似:0.173760939052|漂浮物:0.913880617562|民航:0.15735841549|舷窗:1.79969093203|偏南:0.179362801836|	2014年03月10日08:12
100658325	复查:1.33984129642|茂名:1.88181184993|官员:0.0971628593865|冯立梅:0.365284562589|广东省:0.22928118879|广东:0.89110568593|纪委:0.310523672444|28:0.0996230625242|透露:0.0661091421584|周镇宏:0.232453812556|2011:0.0664153750161|2012:0.132830750032|官场:0.152887908679|人士:0.0709715558849|财新:0.0664153750161|腐败:0.0832095487141|窝案:1.90707005403|茂名市:0.214089281274|巡视组:1.83075310619|政协主席:0.127808693102|2002:0.0664153750161|罗荫国:0.0996230625242|	2014年03月28日22:47
100648598	失联:0.127517520031|马来西亚:0.0644802879568|凌晨:0.102112725154|航班:0.160954509198|管制:0.064296371811|01:0.0637587600155|乘客:0.0638542703816|消失:2.07442574049|40:0.0637587600155|200:0.159396900039|777:0.28691442007|购于:0.0637587600155|该次:0.0637587600155|MH370:0.127517520031|财新:0.0637587600155|波音:0.218123839118|CNN:0.0637587600155|客机:0.0961906744468|失去:0.0812856835793|马航:4.23995754103|消息:0.0671985967489|370:3.98492250097|	2014年03月08日12:31
100657176	广西:1.67732567581|25:0.919597500223|地方:0.33968403341|公安局:0.604100420995|嫌疑人:0.629007119232|忻城县:0.919597500223|警方:1.21589662184|贩毒:3.42365443176|特大:1.41633337835|东方:0.461115293198|来宾市:0.984774258715|指认:0.812959472446|摧毁:1.30498998733|民警:0.585458621621|IC3:0.919597500223|	2014年03月27日08:33
100647407	害死:0.216408320973|值班:1.24226759721|抢救无效:0.23580180317|纠集:0.227291703882|死者:0.173818353361|游行:1.48240626313|酒精中毒:0.240589060244|医生:1.37790215838|患者:0.79348944597|该院:0.202634694096|廖琼琼琼儿:0.278017848905|微博:0.278017848905|中心医院:0.224139483138|家属:1.13950449776|潮州:0.437249673565|爆料:0.22317703625|100:0.278017848905|收治:0.237483679021|内科:0.21761355511|酒后:0.204812266306|下半夜:0.232294294106|	2014年03月06日07:48
100646120	升级:1.68495793633|安保:2.42775572749|武警:1.21578629776|长安街:1.26456100226|驾驶:0.903897445265|敞篷:1.42697137527|天安门广场:2.44745094695|警车:1.1978986923|全面:1.40600713164|IC1:1.49434593786|东方:0.749312351447|巡逻:1.01460655871|	2014年03月03日20:59
100649503	分向:0.110692291694|搜救:0.19443481982|记者:0.0795730509839|飞机:0.110358927427|越方:1.56429791136|香港:0.107631774939|一架:0.107059932812|工作人员:0.123031017498|海军:0.0869454697997|救生艇:0.0904957709901|头顿:0.128709978259|越南:0.478816044328|财新:0.16603843754|民航:0.0772221853793|直击:1.49434593786|10:0.221384583387|19:0.16603843754|不明:1.12348340226|阮日:0.110692291694|碎片:1.33978982108|委员会:0.10471307578|海域:1.0241920545|	2014年03月10日23:11
100647712	日前:0.468580173374|地点:0.514038524121|女儿:1.50393117656|何超盈:0.919597500223|采访:0.471120167298|何家:0.919597500223|香港媒体:0.791519979946|赌王:3.20051634083|大宅:1.60064155238|设于:0.68488195217|豪宅:2.16473265923|接受:0.401866227308|曝光:2.63029418089|令何家:0.919597500223|内部:0.433701436844|	NULL
100649633	失联:2.98869187572|他们:0.194036607466|劳务工:2.98869187572|航班:0.173317849101|家人:0.0703816352648|等待:0.12351578858|飞机:1.57968545114|吉隆坡:0.160440921317|护照:0.0979074831017|签证:0.0922832038259|现在:0.079472312394|工作人员:0.100155903692|妹夫:0.102631137667|票价:0.0921053186289|劳务输出:0.110112951485|MH370:0.120148417115|得知:0.0692499073836|马航:3.10884029284|新加坡:0.110331444921|消息:0.0759783129071|失踪:0.123322098624|家属:0.270364255653|	2014年03月11日09:58
100648611	出席:0.415490872782|CFP1:0.703221617818|机场:0.414676042616|航空:0.380342928045|CEO:2.39095350058|发布会:1.95003009992|马来西亚:0.948239528776|当地:0.344833272412|马航:2.39095350058|首席:0.397613678214|执行官:0.501494073194|阿末:0.703221617818|吉隆坡:0.626034183176|哈里:0.621674890694|新闻:1.53895288217|国际:0.263130105942|时间:0.239972919556|举行:1.10180953671|附近:0.304078899496|	2014年03月08日12:56
100657188	法国:1.07230545864|26:0.996230625242|位于:0.413840898466|图片:0.531208228219|尼克尔:1.06683878028|下午:0.497449407537|患病:1.70415605969|巴黎:0.544308937482|访问:0.602071202528|彭丽媛:3.93852533473|看望:1.58435837741|儿童:1.3607912547|儿童医院:0.8777818185|来源:0.435554305544|市区:0.552414495424|时政:0.785278403125|	2014年03月27日08:53
100644102	一辆:1.15943174062|小学:0.225002659835|救治:0.269406502164|死亡:1.04254665876|贵阳:1.4627856121|237:0.385637661384|贵阳市:0.322214666018|27:0.385637661384|事故:0.459844985569|核实:0.263358237242|野鸭:0.315800122187|图片:0.205628991569|贵州省:0.273839729036|公交车:1.67085225448|起火:0.280361016101|微博:0.385637661384|起火燃烧:2.31677960867|生命危险:0.295067337447|受伤:0.233925583934|暂无:0.308286200972|伤者:0.295912575266|35:0.385637661384|初步:0.203853800832|网友:0.213436865993|	2014年02月27日15:33
100656551	结论:0.198897820169|CFP1:0.341564785797|跌入:2.21283884498|着陆:0.248319757118|发布会:0.215263062978|马来西亚:0.230286742703|很少:0.177570702593|航班:0.24635894265|已经:0.879569651736|25:0.341564785797|飞机:1.19187641621|地点:0.190928594673|中部:0.174724927698|已知:0.207228265097|海底:1.64014720224|吉隆坡:0.304073746114|交通部:2.0144072511|希沙姆丁:0.683129571594|交通部长:0.351178278271|印度洋:0.218757450037|代理:0.204984121418|得出:0.197126629426|	2014年03月25日20:15
100644648	包中:0.703221617818|CFP3:0.703221617818|27:0.703221617818|尝试:0.428664319624|路人管:1.99246125048|找到:0.333036018836|下午:0.351140758262|救心丸:0.712289304865|摔倒:2.01071209506|分钟:0.392615802464|街头:1.3128716765|深圳华强:0.584140337554|解思俊:0.703221617818|测试:2.45248422224|速效:0.630742577741|救助:0.461130631356|不管:0.963894198395|热心人:0.671515941306|	2014年02月28日10:30
100647885	人行:0.94233408375|CFP2:1.19547675029|用纸:2.5252962275|吊顶:3.33716887757|路口:0.798447558937|维修:0.75871296057|造价:1.46782124186|RICK:1.19547675029|地下通道:1.78710397027|地下:0.615914406269|武汉:0.677138010305|千万元:1.60633296249|通道:0.663664750908|	2014年03月06日20:09
100650795	美方:0.0906439574502|议会:0.105074924313|重申:1.56831089128|新华社:0.0718529426564|宣布:0.0812928934786|促使:0.0665359706739|希望:0.0780800741277|乌克兰:0.333140944792|决定:0.0712052018578|克里米亚:2.41182650067|重新考虑:0.103171587135|共和国:0.0695562658825|12:0.179321512543|外交:0.0723882291143|俄罗斯联邦:0.0941204128224|俄罗斯:0.187104011798|全民公决:2.26068852156|举行:0.110180953671|俄方:0.0958318953844|接受:1.044852191|奥巴马:1.4968991408|予以:0.0668470264932|	2014年03月13日10:43
100647597	CFP2:0.254356755381|卡通:0.224861130677|1968:0.254356755381|21:0.508713510762|17:0.254356755381|日及:0.254356755381|麦当劳:0.213393120023|粉色:0.214298643734|索非亚:0.234261827534|圣诞老人:0.246767926787|纪念碑:2.7207690057|涂成:0.242888744728|恶搞:2.97217112932|超人:0.208645384888|苏联红军:2.62231451338|15:0.254356755381|保加利亚:2.17279787478|2012:0.254356755381|2011:0.254356755381|2013:0.508713510762|合成图:0.261515739138|	2014年03月06日14:16
100651182	刘丽娟:0.159396900039|飞两舱:0.159396900039|5000:0.159396900039|3000:0.159396900039|国际航班:0.312092081989|再升:0.159396900039|乘务:0.166858443879|公务舱:0.185342368693|月薪:0.407484223412|空姐:2.95530902757|普通舱:0.185342368693|左右:0.189897474882|收入:1.3214080151|乘务长:0.741369474773|职别:0.318793800077|普通:0.158372235626|9000:0.159396900039|揭秘:2.47333611669|乘务员:0.73041591152|真相:2.01646672873|2000:0.159396900039|元至:0.159396900039|人民币:0.2236203452|差距:0.184848727297|	NULL
100656815	CFP1:0.362265681906|棍术:0.379223736088|擒拿:0.311810901191|近身:0.311810901191|边检站:0.400228196103|方平:0.379223736088|防暴:0.35821927607|格斗:0.27590566989|26:0.362265681906|百余名:0.323690964458|乘客:0.241872236294|总站:0.321358811697|旅客:0.244866506716|交运:0.282605050711|防身:2.24719170407|驾乘:0.289211176524|司机:1.36145460522|黄岛:0.6707554126|公交:1.67266867699|突袭:0.286965480398|练武:2.03260160674|青岛:1.46373050262|人身安全:0.305213219864|技能:0.247495041669|	2014年03月26日15:41
100648752	以马航:0.332076875081|处置:1.21273847355|CFP1:0.332076875081|负责人:0.165687015239|赶来:0.201149548119|饭店:0.217052859029|航班:0.239515638688|国都:0.244807814354|发布会:1.49488238179|马来西亚:0.447779777478|马航:2.37197767915|去向:0.232315094027|凌晨:0.21273484407|抵京:1.86951691639|MH370:0.332076875081|举行:0.15302910232|确实:0.318297820959|事故:1.21621699556|新闻:0.165165397708|为准:0.223568754783|	2014年03月09日08:46
100642609	汉龙:0.155931750038|刘汉:2.49823394396|收购:0.107047687682|调查:0.071541560282|有限公司:0.0564531618362|大亨:1.73402834842|矿业:1.32086201128|兴衰:1.63923581985|集团:0.0964290222219|铅锌矿:0.0645218117396|之五:1.99246125048|投资:0.0761121381872|公司:0.129476063132|2012:0.0779658750189|钼矿:0.0892442738452|宏达:0.107735800059|股份:0.0736080231081|广汉市:0.0556611537535|凉山州:0.0544103621343|黄金矿:0.0556611537535|喀麦隆:0.0618380676794|2009:0.0779658750189|	2014年02月25日07:54
100652919	账号:0.136698639206|亿万富豪:3.21266592498|760:0.175805404454|60:0.175805404454|中文网:0.144210780732|黑客:3.53494692867|西雅图:0.151722922257|使用:0.199248526888|PaulAllen:0.175805404454|窃取:0.142370146276|加密:0.143261684833|计算机:0.400281437111|盖茨:0.428427481321|执着:0.132394674294|出身:2.24326305782|Cubed:0.351610808909|艾伦:0.151319996166|BillGates:0.175805404454|福布斯:0.139262659605|微软:0.132727651894|价格昂贵:0.148771882619|管理员:0.140352482725|比尔:0.274293137455|	NULL
100651913	失联:0.0799650000194|发布会:0.113391078325|马来西亚:0.148261531673|信息:0.0439286011101|航班:1.50918884043|纽约时报:0.0495417690363|走廊:0.1060791413|卫星:0.0842803106973|飞机:0.179379393745|20:0.0399825000097|ACARS:0.0399825000097|调查:1.02420609805|Inmarsat:0.0399825000097|警方:1.21589662184|NTSB:0.0399825000097|联络:0.0498553296952|去向不明:1.9330154265|机组人员:1.70196636632|MH370:0.0799650000194|intheSouthChinaSea:0.0399825000097|新闻:0.0596584045232|确认:0.0437326580706|纳吉布:0.259886250063|	2014年03月15日14:47
100648235	搜救:0.233321783784|乳化:0.879408397044|正在:0.310453719786|救援:0.175211566495|防水:0.207015781629|25:0.265661500064|化工厂:2.35021699541|抢救:0.17166245293|发生爆炸:2.67873054128|唐山:2.46324290008|车间:0.357966172308|炸药:0.530002339959|救出:0.190291990495|河北:1.58606242064|央视:0.181424563433|矿山:0.176322909174|工人:0.254151018343|11:0.265661500064|12:0.265661500064|开滦:0.218292004624|14:0.265661500064|失踪:0.181785908342|	2014年03月07日15:41
100648634	失联:1.49434593786|CFP5:1.49434593786|乘客:0.997722974713|马来西亚:1.00750449932|当地:0.732770703875|警察:0.94177590053|国际:0.559151475126|航班:1.07782037409|时间:0.509942454058|吉隆坡:2.6606452785|机场:0.88118659056|家属:0.960758694194|	2014年03月08日15:57
100648763	失联:2.27709857198|搜救:1.4999257529|湛江:0.216587062077|起航:0.479620774071|航班:1.23179471325|赶赴:0.450382209309|登陆舰:0.223049479972|军舰:1.15019326743|绵阳:0.229813866903|日晚:0.284637321498|军港:0.229143131737|图为:0.221321606333|海域:0.526727342314|上午:0.297214584967|井冈山:0.449274739682|南沙:0.236437755677|11:0.569274642995|10:0.284637321498|抵达:0.364227322324|护卫舰:0.199889193239|马航:1.70782392899|50:0.284637321498|中央军委:0.203430747079|两栖:0.206803378437|	2014年03月09日09:31
100652898	行政许可:0.0658407632227|审改:0.180528281195|国务院:1.22740487279|公布:0.0821750136304|公开:0.164057382444|取消:0.10615750362|各级:0.0666337015294|税务总局:0.0699037885455|保留:0.0632116147051|安全部:0.0812622291617|60:1.99246125048|法无:0.0776283604084|权力:1.21897117033|审批:0.301411859199|部门:0.942952764431|两会:0.0616490805501|2014:0.0776283604084|清单:1.79384911717|行政:0.139070947562|事项:0.172969126458|下放:0.091897105844|	2014年03月18日12:07
100651304	通讯卫星:0.13384367156|pings:0.127858475967|收到:0.0714392786502|信号:0.102032985936|雷达:0.150813935526|小时:1.04982840128|发出信号:1.86543790848|飞机:0.286815180372|消失:0.099838672002|五小时:0.0743351746096|路透社:0.0957424359529|数据:0.0767062568726|连接:0.0741070486337|ABC:0.19178771395|援引:0.0911313400903|MH370:1.99246125048|联数:1.99246125048|民用:0.0887941785345|13:0.127858475967|请求:0.0760972193259|媒体:1.00081154581|印度洋:0.122831723283|系统:0.0795750711388|报道:0.15723013848|	2014年03月14日09:45
100648768	发现:1.28907007896|飞机:0.26683800363|美国有线电视新闻网:0.178429365715|华尔街日报:0.137729086829|浮油:0.174678404099|油污:0.160039161516|军机:2.2846259293|越南:2.50842435163|马航:0.35685873143|疑似:0.412358049392|油迹:3.2079596678|航班:0.257389940082|MH370:0.178429365715|第二场:0.164332923793|美联社:0.146363180444|中称:0.178429365715|搜救:0.156708660751|CFP1:0.178429365715|失事:0.143436092699|报道:0.175534542661|消息:0.150444619587|	2014年03月09日09:44
100642302	汉龙:0.0809943597757|刘汉:2.49043242731|绵阳市:0.0429612729341|红黑路:1.99246125048|刘勇:0.0376712131491|四川:0.0500040121115|生意:0.0571764491302|德阳市:0.0745955683882|兴衰:1.59441800338|挣钱:0.0344901514218|有限公司:0.0563001722377|调查:0.958734459605|期货:0.0399433896161|政商:0.034693944074|刘维:0.226784207372|实业:0.0378966009358|刘氏:0.0407702302484|兄弟:0.957600460693|开发:0.0374450748228|体改委:0.0357927655051|广汉市:0.138775776296|2000:0.0485966158654|	2014年02月24日14:36
100652866	风险:0.0360425949572|房地产:1.09001034097|波动性:0.0505754632978|汇率:0.148389998482|预期:0.0412483215068|重估:0.0524331908022|刺破:2.0634317427|我们:0.0396645376256|升值:0.0848228496557|中国:0.0531108892396|贬值:1.47328841518|最终:0.039011635472|市场:0.0825701022184|央行:0.0844132153692|经济:0.0365778635743|准备金率:0.036733441723|泡沫:1.36585220521|公投:0.0365917640085|波幅:0.0541868342909|均衡点:0.0365917640085|资产:0.0663368201854|人民币:1.28156689062|	2014年03月18日10:32
100647336	代表团:1.63774102983|习近平:2.00139967032|参加:1.02395439044|报告:1.05212828247|视点:0.765341071799|北京:0.359030946825|审议:1.46638756845|工作:0.323287641719|政府:0.35148236554|上海:0.352587512411|新华:0.566460465722|来源:0.402050128195|图片:0.490346056818|	2014年03月05日19:09
100648645	等候:0.398175243618|LaiSengSin:0.703221617818|抵达:0.449927868754|失联:0.703221617818|航班:0.507209587809|乘客:0.469516693982|终结:3.95585811755|马来西亚:0.474119764388|当地:0.344833272412|东方:0.352617577152|国际:0.263130105942|76:0.703221617818|MH370:5.97738375145|时间:0.239972919556|吉隆坡:0.626034183176|机场:0.414676042616|雪邦:0.703221617818|IC6:0.703221617818|家属:0.452121738444|	2014年03月25日08:38
100646087	CFP1:0.412233362169|驻地:0.258463765308|肉菜:0.412233362169|什么:0.891725576475|水果:0.244577334768|三种:0.256042928802|自助餐:0.423835853086|江心:0.343083928738|委员:2.14267189792|政协:0.312292778121|2014:2.98869187572|担担面:0.441450529769|凉菜:0.385952670721|两样:0.29063472339|鸡腿:0.369745649021|糊塌子:0.412233362169|扣肉:0.431530458307|经济界:0.357735073359|用餐:0.32954731828|餐品:0.412233362169|两会:2.37348960118|往年:0.264151786441|小炒:0.417548902852|	2014年03月03日20:18
100636362	金库:2.51263251258|15:5.97738375145|内部:1.40952966974|指纹识别:6.40103268165|千亿:2.2327160881|揭秘:2.47333611669|	NULL
100648503	王苡:0.747172968931|广场:0.444693125436|遇难者:2.13044012438|金牛:0.589673095833|CFP1:0.747172968931|暴恐:2.45499689792|烧纸:0.620649108651|逝者:1.3631181723|哀悼:0.615014665089|祭奠:1.30796364623|家属:1.57838928332|事件:0.356017452114|头七:2.71226072181|昆明:0.944380161394|失声痛哭:0.629502265969|	2014年03月07日21:51
100651212	汉龙:0.260695864549|免交:0.0682631693009|内幕:0.0990983509383|矿业:0.090493580845|香港:0.235381638651|东英:0.223453598185|高管:1.99246125048|申请:1.13451549754|博施:0.0779712354573|集团:0.138184891658|2011:0.111726799093|2012:0.0744845327283|汉龙前:1.99246125048|肖辉:2.47661071322|引渡:0.0972352344907|副总裁:0.104265273062|13:0.0744845327283|金融:0.0817866565316|澳大利亚:0.136087050871|肖迦一:0.0744845327283|庇护:1.64344464227|遣返:0.128221305163|	2014年03月13日20:59
100655181	院校:1.10240916087|多所:0.0965996937519|专升本:0.0958956206989|转做:1.49434593786|600:1.58389475811|技能型:0.156187389348|高校:0.0906606199403|技术:0.106055217496|据鲁昕:0.0895488202464|高等教育:0.0994474342104|调整:0.0722471637993|专业:0.0695861287346|人才培养:0.111161173784|中国:0.102044517528|今后:0.0933580428972|鲁昕:1.58389475811|本科:1.20235094405|人才:0.147987848589|培养:0.1739028673|现代:0.12324517706|教育:0.297743431061|职业:0.228140902258|	2014年03月22日14:58
100651469	互殴:0.19597979513|抢救无效:0.166220943218|歹徒:0.312917010665|行凶:0.309715749368|死亡:1.25105599051|事件:1.13925584677|伍家岭:0.19597979513|长沙:1.70368632272|现场:0.206962425398|发生:0.86978971552|警事:0.19597979513|砍伤:0.172678390525|微博:0.391959590259|开福区:0.19597979513|沙湖:0.177969757611|10:0.391959590259|两名:0.242504573064|15:0.19597979513|14:0.19597979513|后经:0.19597979513|长沙市:0.313768665957|分许:0.19597979513|街头:1.5754460118|摊贩:0.167406527834|	2014年03月14日11:59
100649040	11:0.351610808909|MODIS:0.351610808909|美国宇航局:0.333403773368|红圈:0.351610808909|马航:1.67991830923|疑似:1.29412150359|35:0.351610808909|Terra:0.351610808909|海域:0.216887729188|NASA:2.03152911814|拍摄:0.228006157531|6.1:0.351610808909|图像:0.228132118172|104.6:0.351610808909|370:0.351610808909|250:0.351610808909|高清:1.10985051628|卫星:0.423526267202|失事:1.35045550021|精度:0.229159707918|图片:0.562455771056|	2014年03月10日10:09
100648915	CFP1:1.32830750032|船只:0.81614675113|失联:3.7192610009|搜救:2.09989605406|马来西亚:0.895559554956|马航:3.7192610009|搜寻:0.975190408063|航班:2.6825751533|警卫队:1.03736994006|画面:1.55873095285|海岸:0.79259272519|	2014年03月09日19:00
100642596	汉龙:0.23070603953|刘汉:1.99132246053|电站:0.113328807644|兴衰:1.39909552512|电力公司:0.187115500629|20:0.0629198289626|22:0.0838931052835|调查:0.0577352942626|集团:0.138346511414|投资:0.0750735709995|亿元:0.0868206999469|伙伴:1.09378725019|公司:0.0553179464776|中电投:0.17218334808|两个:0.0580885792156|电力:0.0553183895563|兴鼎:0.146812934246|周滨:1.83366358691|水电站:0.207295527869|四川省:0.0534232918724|金元:0.0627216352401|之四:1.70782392899|	2014年02月25日07:33
100653403	派出所:0.285840135155|深夜:0.283651891391|一名:0.222575590856|死亡:0.223402855448|失手:1.3634241179|鼻出血:0.38605839995|女儿:0.429694621873|抢救:0.275886085067|男子:1.44341941569|IC1:0.426955982246|打死:1.05324567634|回天乏术:0.457216620118|殴打:0.323446091626|金哥:0.471697516836|小区:0.267990999884|晚归:0.432461363668|11:0.426955982246|13:2.13477991123|夫子庙:0.7721167999|30:0.426955982246|18:0.426955982246|酒后:1.57266561628|	2014年03月19日10:29
100651130	汉龙:0.0709481750914|刘汉:2.52027704025|黄婉:0.0591234792428|四川:0.133838631824|下称:0.0591234792428|汉利宏:0.0472987833943|知情:0.0530528894051|人士:0.050543541283|景区:0.0638480330341|茂县:0.0539314806053|黄汲清:0.0506510993602|万梅华:0.0709481750914|公司:0.0727723727153|合作:1.10194563743|超越:0.0983564009357|商业:1.15435950197|两次:1.23989549422|财新网:0.0591234792428|周滨:2.58014863416|财新:0.08277287094|九鼎:0.0697865344173|兴鼎:0.0709481750914|旭晨:0.0472987833943|	2014年03月13日17:24
100637151	闵行区:0.21223136636|多位:0.334056469312|牌照:0.183350233836|九星村:0.498115312621|吴恩福:0.24905765631|十大:0.274700202967|4000:0.24905765631|村官:0.220176523787|名村:0.24905765631|中国:1.51366034333|500:0.24905765631|镇九星村:0.24905765631|涌现出:0.190926650075|全国:0.296582599271|据称:0.184258996805|12:0.24905765631|七宝:0.213814406087|置身:0.203615484728|桂冠:0.205367216336|培育出:0.209386042715|土豪:4.88677163346|千万富翁:0.22825497235|	NULL
100648802	拍摄:0.516813957071|见面:1.82132094526|失联:0.796984500193|新华社:0.479019617709|乘客:2.12847567939|马来西亚:0.537335732973|北京:0.311160153915|马航:3.18793800077|代表:1.32260975578|沈伯:0.796984500193|手机:0.411454788541|家属:2.04961854761|航空公司:0.51738620665|客机:0.601191715293|事件:0.379751948922|	2014年03月09日13:00
100642618	刘汉:2.51350587841|洗码:0.0999562500242|参赌:0.0763596722555|江湖:1.29132415955|范荣彰:0.239895000058|赌债:0.107040680295|兴衰:1.61177963677|连超:0.0799650000194|资金:0.0449205598138|温娜:0.119947500029|大卫:0.0748488107157|调查:0.0550319694477|集团:0.0494507806266|澳门:0.0985136538954|现金:0.0565568097273|港币:0.167633854517|之六:1.99246125048|赌场:0.194606907861|刘小平:0.0999562500242|赌码:0.0599737500145|泥码:0.0599737500145|豪赌:1.59281203835|人民币:0.0654407364715|	2014年02月25日08:05
100648593	等候:0.0875299026919|失联:3.09175021627|丽都:0.284645053263|马来西亚:0.208449206757|接机:0.264897408179|疏散:0.077740308012|凌晨:0.0990317377567|一名:1.55802913599|航班:0.0743324395927|饭店:0.134722464225|记者:0.111127881546|飞机:1.64396747064|朋友:0.100812215221|首都机场:0.30389764564|民航局:0.0889410233922|工作人员:0.143182649674|孕妇:1.9603886141|财新:0.154587510813|航空公司:0.133806777582|乘客:0.0688084810147|消息:0.0868947371753|家属:0.165648050723|	2014年03月08日12:06
100656616	25:0.796984500193|中学:0.478616796746|第七:0.550821532176|参观:0.526124297769|英语课:2.98470065357|美国:0.277106415444|第一夫人:0.73783095386|米歇尔:2.85936635243|四川:0.410032899315|成都:2.22264817193|学生:1.53687515251|IC2:0.796984500193|东方:0.399633254105|一起:1.2991944181|	2014年03月26日08:25
100643946	仍高达:0.0406624744997|风险:0.0503125203077|月期:0.0609937117495|6.1140:0.0406624744997|监管:0.0714378848671|银行业:0.0691860538733|26:0.0609937117495|银行:1.31058170411|大战:1.85097566545|存款:0.108260945165|2014:0.0406624744997|同业:0.0417701267677|5000:0.0406624744997|金融:0.0714381408072|财新:0.142318660749|反击:1.90836927586|收益率:0.0638391519431|准备金:0.0440978687753|规模:0.0418260600424|互联网:0.0726723750438|余额:2.11417114864|业内人士:0.0429515246041|	2014年02月27日11:30
100653351	标志:0.443566749174|CFP2:0.853911964493|禁止:0.487009220187|事故:1.5273422735|爆炸:1.02220590036|18:0.853911964493|警示:0.582920338557|发生:0.310639184114|冷水江:2.48530554836|煤矿:1.51518941024|烟火:0.628629373154|国权:0.815412214443|湖南:0.471106388327|瓦斯:1.37288831583|井口:0.689441600709|土珠:0.853911964493|	2014年03月19日08:52
100657261	大人:0.419586208051|停不下来:0.761051400147|27:0.796984500193|鱼酱:0.880502031427|马路:0.572170510542|兰州:3.22987101784|微博:0.796984500193|火车站:3.2923186916|许多:0.295609724976|JloveHo:0.796984500193|人行道:0.603766037701|砖块:4.01179065644|网友:0.441102856385|来源:0.348443444435|图片:0.424966582575|	2014年03月27日10:34
100648582	组织:0.374629377455|10:0.919597500223|154:1.99246125048|召开:0.429080042694|乘客:0.613983369054|发布会:0.579554400326|马来西亚:1.96334210125|梁冬梅:0.919597500223|记者:0.330534211779|航班:1.43709383212|部门:0.39658095327|财新:0.919597500223|准备:0.381310842005|联系:0.93535719876|失去:1.01607104474|家属:0.591236119504|驻京:0.774772019654|	2014年03月08日11:27
100640893	26:1.32830750032|生活:1.54462081102|沙漠:2.34807188913|风情:0.989273930912|阿拉伯:0.801369215337|荒漠:0.881330010221|土豪:3.25784775564|鲜明:0.811655237557|形成:0.474683711053|浓郁:0.920838838399|对比:0.766300390583|肖像画:1.07733167029|	NULL
100633200	巨人:0.284292945701|G550:0.385637661384|商界:0.306652532171|飞机:1.48984552027|CEO:0.385637661384|6280:0.385637661384|近东:0.324210646784|苏宁:0.261439351652|史玉柱:0.338692911945|拥有者:0.347263981806|湾流:0.706854107923|文园:0.426049370045|私人:1.706217197|2011:0.385637661384|百富榜:0.339786510387|2013:0.385637661384|胡润:0.313751302648|中国富豪:3.20051634083|公务机:0.717941221271|11:0.385637661384|12:0.385637661384|拥有:1.35685908702|董事局:0.298901569798|李辙:0.385637661384|	NULL
100656369	24:0.664153750161|CFP2:0.664153750161|商业银行:0.373113805514|产业园:0.533901011713|农村:0.338261345686|网点:0.442986201445|银行:1.16760915457|江苏:1.90712692021|下午:0.331632938358|遭遇:0.36017206942|环保:0.367471440959|设在:0.398646889434|一个:0.156530609563|近千:0.664153750161|现金:0.375788580188|倒闭:1.94730257812|群众:0.334668843944|盐城:0.550649644745|射阳:0.595701323422|挤兑:3.28936160544|	2014年03月25日15:46
100650707	分析:0.0955974674289|飞机:0.117619383179|失联:0.314599144813|搜救:0.138151056188|获取:0.0910238802699|物体:0.1888327371|马航:0.157299572407|疑似:1.55796932195|观测:0.0936493743601|漂浮物:1.72984545467|海域:1.19899776606|MH370:0.23594935861|区域:0.113281344851|确认:0.0860267418626|图像:0.102059105498|CNN:0.157299572407|失事:1.56256367526|中国:0.119499500789|卫星:1.26540413857|漂浮:0.113387814779|客机:0.118656259597|	2014年03月13日08:41
100646782	动乱:0.168442578759|大团结:0.433139243169|十二届:0.189910114639|委员:1.60188111121|政协:1.8112981131|总书记:0.15657261304|民族:0.316344507452|分组讨论:0.240661217133|少数民族:1.35718164072|各族人民:0.160682696298|言行:0.172565845516|参谋:0.14949631669|政治局面:0.215242835594|全国政协:0.164491733101|主席:0.22226539357|习近平:2.36355770591|视点:0.19133526795|中央军委:0.164309449563|助手:0.156694327176|新形势下:0.188583328649|看望:1.73670052909|珍惜:0.167349627321|	2014年03月05日08:09
100656591	11:0.161006969736|公安厅:0.173228278439|公安局:0.185094741786|苏浩:2.75321918249|山西省:0.290863165664|朔州市:0.117152450091|亚力:0.0827692911751|山西:1.34900424294|苏楠:0.080503484868|中纪委:0.10340521218|司法厅:2.28088917634|去职:1.88017359633|金道铭:0.080503484868|2014:0.080503484868|腐败:0.151290088571|副厅长:2.190885452|2008:0.080503484868|监察部:0.0722062210209|2011:0.161006969736|局长:0.144986771942|肇事车:0.0741434740343|	2014年03月26日07:25
100637175	长达:0.296698156021|全家:1.92302190647|其乐融融:0.4565099447|恋爱:0.327319680748|诞下:0.498115312621|令人:0.26255317994|陆毅:0.96650771325|开花结果:0.433507087104|鲍蕾:0.996230625242|20:0.498115312621|一女:0.406564288566|一家:0.233061042723|身价:2.11673891211|三口:0.3729965734|两人:0.249085586573|感情:0.265649037744|结婚:0.273516332998|16:0.498115312621|长跑:0.40929750867|排行榜:2.13367540924|童星:3.02722954568|称羡:0.472322012271|2006:0.498115312621|2008:0.498115312621|	NULL
100657146	法国:1.3060130586|拍摄:0.59632379662|位置图:1.06928289631|23:0.919597500223|马来西亚:0.620002768815|来自:0.424826655992|疑似:2.24329827725|碎片:2.07333990412|收到:0.513813273368|122:2.91205875071|发现:0.336388297138|卫星:2.30767517386|	2014年03月27日07:52
100642684	汉龙:0.281952063748|刘汉:3.0334360053|锌锭:0.0830662293799|虚开:0.0951958976627|融资:0.0917764939892|有色:0.164762895266|集团:0.240230233558|国企:0.14388520058|亿元:0.0565898215777|2013:0.0939840212492|增值税:0.0836815068923|五矿:2.68227296566|专用发票:0.0603871007703|虚假:0.0742225606621|宏达:0.202597510802|托盘:0.0902824935065|暗黑:2.70240879965|发票:0.0576382339848|钢贸:0.112780825499|民企:0.0997653619735|交易:1.22796428755|汉龙系:0.0563904127495|	2014年02月25日09:35
100656637	25:0.919597500223|显示:0.347634246551|总部:1.76237318112|英国伦敦:0.710556812143|新华社:0.552714943511|媒体:0.461913021145|英国:1.25659240335|国际海事卫星组织:4.18529059954|控制室:0.856006840746|主管:0.553088810963|内容:0.394944874995|介绍:0.425733841191|记者:0.330534211779|大屏幕:0.835088862638|探访:2.49716366164|王丽莉:0.919597500223|	2014年03月26日09:09
100648830	三点:0.498572213794|首都国际机场:0.695366830018|失联:2.03152911814|召开:0.328120032648|16:0.703221617818|通报:1.29687003644|下午:0.351140758262|马航:2.03152911814|记者:0.252761456066|航班:1.46527214256|最新:0.355232386715|王攀:0.703221617818|财新:0.703221617818|发布会:1.28032279288|旁边:0.363022469275|情况:0.235720025605|大饭店:0.635860894035|	2014年03月09日14:24
100648981	吴霞:0.164666219048|马航:0.0987997314289|12:0.0658664876193|等待:0.0507843841477|丽都:4.54804768299|林紫:0.0987997314289|成员:0.0678550049207|周六:0.0942018679725|他们:0.14505366223|张欣宇:0.230532706667|妹妹:0.0580700756737|航班:0.0950144682397|饭店:2.69073792185|慈济:0.18192190732|告诉:0.0829767294028|母亲:0.112329655942|11:0.0658664876193|财新:0.0658664876193|义工:4.08968553045|家属:0.317606179899|	2014年03月10日08:08
